round_epochs,val_loss,val_acc,loss,acc,first_neuron,second_neuron,third_neuron,batch_size,epochs,epochs2,dropout,kernel_initializer,optimizer,lr,activation
50,1.518736137,0.824166075,0.008991169,0.997721734,100,60,15,64,30,50,0,he_uniform,<class 'keras.optimizers.Adam'>,0.01,<function relu at 0x000002310C9D2EA0>
50,1.586088407,0.822657913,0.008430317,0.997856684,80,40,30,256,30,50,0,glorot_normal,<class 'keras.optimizers.Adam'>,0.01,<function selu at 0x000002310CE2AB70>
50,1.719298891,0.822436125,0.007694158,0.997848745,80,40,30,256,30,50,0,he_normal,<class 'keras.optimizers.Adam'>,0.01,<function selu at 0x000002310CE2AB70>
50,1.671923804,0.821504613,0.009267076,0.997896375,80,50,30,256,30,50,0,glorot_normal,<class 'keras.optimizers.Adam'>,0.01,<function selu at 0x000002310CE2AB70>
50,1.665596705,0.820661817,0.004470665,0.99862669,80,60,30,256,30,50,0,lecun_uniform,<class 'keras.optimizers.Adam'>,0.01,<function relu at 0x000002310C9D2EA0>
50,1.971402315,0.818399574,0.003054256,0.998912465,80,40,30,32,30,50,0,he_uniform,<class 'keras.optimizers.Adam'>,0.001,<function elu at 0x000002310C9D2C80>
50,1.958468515,0.817601136,0.032938505,0.995038619,100,60,30,32,30,50,0,lecun_uniform,<class 'keras.optimizers.Adam'>,0.01,<function selu at 0x000002310CE2AB70>
50,1.817244424,0.816403478,0.012390366,0.997666167,80,50,20,64,30,50,0,glorot_uniform,<class 'keras.optimizers.Adam'>,0.01,<function elu at 0x000002310C9D2C80>
50,1.631344642,0.816314762,0.022746836,0.995935637,80,40,20,32,30,50,0,normal,<class 'keras.optimizers.Adam'>,0.01,<function selu at 0x000002310CE2AB70>
50,1.016805601,0.816226047,0.003899612,0.99880133,75,40,20,32,30,50,0,he_uniform,<class 'keras.optimizers.Adam'>,0.0001,<function elu at 0x000002310C9D2C80>
50,1.611115787,0.816004258,0.009426727,0.997816993,80,50,30,64,30,50,0,lecun_uniform,<class 'keras.optimizers.Adam'>,0.01,<function relu at 0x000002310C9D2EA0>
50,1.672875184,0.815959901,0.018108523,0.996785025,100,40,20,32,30,50,0,normal,<class 'keras.optimizers.Adam'>,0.01,<function elu at 0x000002310C9D2C80>
50,1.609506525,0.815915543,0.00892007,0.997713796,100,40,30,64,30,50,0,lecun_normal,<class 'keras.optimizers.Adam'>,0.01,<function relu at 0x000002310C9D2EA0>
50,1.923209142,0.815738112,0.016274261,0.997039048,80,40,30,64,30,50,0,lecun_uniform,<class 'keras.optimizers.Adam'>,0.01,<function selu at 0x000002310CE2AB70>
50,2.080113044,0.815693754,0.03490388,0.994006652,100,40,30,32,30,50,0,lecun_uniform,<class 'keras.optimizers.Adam'>,0.01,<function selu at 0x000002310CE2AB70>
50,1.743079697,0.815560681,0.003092861,0.998960095,75,60,30,64,30,50,0,glorot_normal,<class 'keras.optimizers.Adam'>,0.001,<function elu at 0x000002310C9D2C80>
50,1.968926032,0.815383251,0.010556921,0.997848745,75,60,30,64,30,50,0,he_normal,<class 'keras.optimizers.Adam'>,0.01,<function relu at 0x000002310C9D2EA0>
50,1.623718742,0.814895316,0.008129016,0.997936066,75,60,30,256,30,50,0,he_uniform,<class 'keras.optimizers.Adam'>,0.01,<function selu at 0x000002310CE2AB70>
50,1.63378988,0.814762243,0.004985487,0.998428235,80,40,15,256,30,50,0,he_uniform,<class 'keras.optimizers.Adam'>,0.01,<function elu at 0x000002310C9D2C80>
50,1.593789248,0.814185593,0.015755445,0.997078739,100,50,15,32,30,50,0,glorot_uniform,<class 'keras.optimizers.Adam'>,0.01,<function relu at 0x000002310C9D2EA0>
50,2.023223488,0.813742016,0.023503122,0.995888008,80,60,30,32,30,50,0,lecun_uniform,<class 'keras.optimizers.Adam'>,0.01,<function elu at 0x000002310C9D2C80>
50,1.632775392,0.813564585,0.015635161,0.99694379,100,40,20,32,30,50,0,he_uniform,<class 'keras.optimizers.Adam'>,0.01,<function relu at 0x000002310C9D2EA0>
50,1.534930538,0.813475869,0.002496687,0.999079168,80,60,20,64,30,50,0,he_normal,<class 'keras.optimizers.Adam'>,0.001,<function relu at 0x000002310C9D2EA0>
50,1.627643579,0.813342796,0.009307496,0.997856684,75,50,30,64,30,50,0,normal,<class 'keras.optimizers.Adam'>,0.01,<function relu at 0x000002310C9D2EA0>
50,1.664348854,0.813254081,0.004016896,0.99862669,100,40,15,256,30,50,0,he_uniform,<class 'keras.optimizers.Adam'>,0.01,<function relu at 0x000002310C9D2EA0>
50,1.192953199,0.8125,0.002730982,0.999102982,80,50,30,32,30,50,0,glorot_normal,<class 'keras.optimizers.Adam'>,0.001,<function relu at 0x000002310C9D2EA0>
50,1.616855371,0.812455642,0.018174976,0.996269042,80,60,30,32,30,50,0,lecun_normal,<class 'keras.optimizers.Adam'>,0.01,<function relu at 0x000002310C9D2EA0>
50,1.734141144,0.812411285,0.019898881,0.996705643,80,40,30,64,30,50,0,glorot_uniform,<class 'keras.optimizers.Adam'>,0.01,<function selu at 0x000002310CE2AB70>
50,1.143968053,0.811790277,0.003059269,0.99893628,100,50,15,256,30,50,0,he_uniform,<class 'keras.optimizers.Adam'>,0.001,<function relu at 0x000002310C9D2EA0>
50,1.34346382,0.811524131,0.002575827,0.999039477,80,40,15,32,30,50,0,glorot_normal,<class 'keras.optimizers.Adam'>,0.001,<function relu at 0x000002310C9D2EA0>
50,1.803727317,0.811524131,0.004351751,0.998610813,75,60,30,256,30,50,0,lecun_normal,<class 'keras.optimizers.Adam'>,0.01,<function relu at 0x000002310C9D2EA0>
50,1.626080224,0.811479773,0.003075473,0.998896589,75,50,20,64,30,50,0,lecun_uniform,<class 'keras.optimizers.Adam'>,0.001,<function elu at 0x000002310C9D2C80>
50,1.369665587,0.81094748,0.00334678,0.998825145,75,60,15,256,30,50,0,glorot_normal,<class 'keras.optimizers.Adam'>,0.001,<function relu at 0x000002310C9D2EA0>
50,1.466694183,0.810681334,0.01981099,0.996681829,80,60,15,64,30,50,0,lecun_normal,<class 'keras.optimizers.Adam'>,0.01,<function selu at 0x000002310CE2AB70>
50,1.599163857,0.81037083,0.013233875,0.997046986,80,60,20,64,30,50,0,glorot_normal,<class 'keras.optimizers.Adam'>,0.01,<function elu at 0x000002310C9D2C80>
50,1.964901294,0.81037083,0.003508564,0.998737825,75,40,20,32,30,50,0,glorot_normal,<class 'keras.optimizers.Adam'>,0.001,<function selu at 0x000002310CE2AB70>
50,1.93508461,0.810326473,0.008667056,0.997634414,100,50,30,256,30,50,0,normal,<class 'keras.optimizers.Adam'>,0.01,<function selu at 0x000002310CE2AB70>
50,1.943593229,0.810060326,0.035792586,0.99423686,100,50,15,32,30,50,0,glorot_normal,<class 'keras.optimizers.Adam'>,0.01,<function selu at 0x000002310CE2AB70>
50,1.891480157,0.809927253,0.00355901,0.998817207,100,50,20,64,30,50,0,normal,<class 'keras.optimizers.Adam'>,0.001,<function selu at 0x000002310CE2AB70>
50,1.925124589,0.809749823,0.021939845,0.996523064,100,60,30,64,30,50,0,he_uniform,<class 'keras.optimizers.Adam'>,0.01,<function selu at 0x000002310CE2AB70>
50,1.664456271,0.809616749,0.002589993,0.998999786,100,50,15,64,30,50,0,glorot_normal,<class 'keras.optimizers.Adam'>,0.001,<function relu at 0x000002310C9D2EA0>
50,2.091686166,0.809572392,0.018358592,0.996753273,80,50,15,32,30,50,0,he_uniform,<class 'keras.optimizers.Adam'>,0.01,<function elu at 0x000002310C9D2C80>
50,1.108629618,0.809394961,0.003921306,0.99880133,80,50,30,256,30,50,0,normal,<class 'keras.optimizers.Adam'>,0.001,<function selu at 0x000002310CE2AB70>
50,1.290082327,0.809394961,0.002314583,0.999047415,75,60,30,64,30,50,0,lecun_normal,<class 'keras.optimizers.Adam'>,0.001,<function relu at 0x000002310C9D2EA0>
50,1.856839626,0.809306246,0.007074625,0.998158336,75,60,30,256,30,50,0,glorot_uniform,<class 'keras.optimizers.Adam'>,0.01,<function elu at 0x000002310C9D2C80>
50,1.465072512,0.809261888,0.009299099,0.997816993,100,50,15,64,30,50,0,glorot_uniform,<class 'keras.optimizers.Adam'>,0.01,<function relu at 0x000002310C9D2EA0>
50,1.473624204,0.809261888,0.002800925,0.998999786,75,60,20,32,30,50,0,glorot_uniform,<class 'keras.optimizers.Adam'>,0.001,<function relu at 0x000002310C9D2EA0>
50,1.517919204,0.808907026,0.00393892,0.998793392,75,60,20,256,30,50,0,glorot_normal,<class 'keras.optimizers.Adam'>,0.001,<function selu at 0x000002310CE2AB70>
50,1.442064483,0.808907026,0.015431158,0.997134307,80,50,20,64,30,50,0,normal,<class 'keras.optimizers.Adam'>,0.01,<function selu at 0x000002310CE2AB70>
50,1.629951889,0.80864088,0.004181879,0.998666381,80,50,15,256,30,50,0,normal,<class 'keras.optimizers.Adam'>,0.01,<function relu at 0x000002310C9D2EA0>
50,1.63660246,0.808374734,0.026900122,0.995292642,80,50,15,32,30,50,0,he_uniform,<class 'keras.optimizers.Adam'>,0.01,<function selu at 0x000002310CE2AB70>
50,1.837803418,0.80806423,0.002890227,0.998888651,75,40,30,32,30,50,0,he_normal,<class 'keras.optimizers.Adam'>,0.001,<function elu at 0x000002310C9D2C80>
50,1.79831223,0.807886799,0.007349345,0.998055139,80,60,20,256,30,50,0,he_normal,<class 'keras.optimizers.Adam'>,0.01,<function selu at 0x000002310CE2AB70>
50,1.623737366,0.807753726,0.002592907,0.9990236,75,60,30,64,30,50,0,glorot_uniform,<class 'keras.optimizers.Adam'>,0.001,<function relu at 0x000002310C9D2EA0>
50,1.663962372,0.80748758,0.004105443,0.99862669,75,50,15,256,30,50,0,lecun_uniform,<class 'keras.optimizers.Adam'>,0.001,<function selu at 0x000002310CE2AB70>
50,1.699422021,0.807221434,0.00296903,0.998896589,80,40,15,64,30,50,0,lecun_normal,<class 'keras.optimizers.Adam'>,0.001,<function elu at 0x000002310C9D2C80>
50,1.509442376,0.807221434,0.002582411,0.999047415,100,60,20,64,30,50,0,lecun_uniform,<class 'keras.optimizers.Adam'>,0.001,<function relu at 0x000002310C9D2EA0>
50,1.433010946,0.807132718,0.003031274,0.998952156,100,50,30,256,30,50,0,he_uniform,<class 'keras.optimizers.Adam'>,0.001,<function elu at 0x000002310C9D2C80>
50,1.91654477,0.807044003,0.006900062,0.998301223,100,40,30,256,30,50,0,he_uniform,<class 'keras.optimizers.Adam'>,0.01,<function elu at 0x000002310C9D2C80>
50,1.656717215,0.806999645,0.004321376,0.998721948,80,40,15,256,30,50,0,glorot_uniform,<class 'keras.optimizers.Adam'>,0.001,<function elu at 0x000002310C9D2C80>
50,1.829996856,0.806999645,0.014253351,0.99689616,75,40,15,64,30,50,0,glorot_normal,<class 'keras.optimizers.Adam'>,0.01,<function selu at 0x000002310CE2AB70>
50,2.048707337,0.80691093,0.004446585,0.998563184,80,50,30,256,30,50,0,glorot_uniform,<class 'keras.optimizers.Adam'>,0.01,<function relu at 0x000002310C9D2EA0>
50,1.632928272,0.806866572,0.009734733,0.997674105,75,60,30,256,30,50,0,glorot_normal,<class 'keras.optimizers.Adam'>,0.01,<function selu at 0x000002310CE2AB70>
50,1.651128609,0.806822214,0.010292611,0.997769363,80,40,15,64,30,50,0,lecun_normal,<class 'keras.optimizers.Adam'>,0.01,<function elu at 0x000002310C9D2C80>
50,1.565127954,0.806822214,0.003818927,0.99880133,80,50,20,256,30,50,0,glorot_normal,<class 'keras.optimizers.Adam'>,0.001,<function selu at 0x000002310CE2AB70>
50,1.532465502,0.806467353,0.007633008,0.997975757,80,40,20,256,30,50,0,lecun_normal,<class 'keras.optimizers.Adam'>,0.01,<function selu at 0x000002310CE2AB70>
50,1.957136724,0.806156849,0.005741089,0.998301223,75,50,30,256,30,50,0,normal,<class 'keras.optimizers.Adam'>,0.01,<function elu at 0x000002310C9D2C80>
50,1.968151357,0.806156849,0.039087832,0.993363657,80,50,30,32,30,50,0,glorot_normal,<class 'keras.optimizers.Adam'>,0.01,<function selu at 0x000002310CE2AB70>
50,2.090187557,0.806112491,0.005259559,0.998428235,80,40,15,256,30,50,0,he_normal,<class 'keras.optimizers.Adam'>,0.01,<function elu at 0x000002310C9D2C80>
50,1.386701111,0.805979418,0.002564642,0.999095044,80,60,15,64,30,50,0,he_uniform,<class 'keras.optimizers.Adam'>,0.001,<function relu at 0x000002310C9D2EA0>
50,1.657152058,0.805713272,0.00459645,0.998523493,75,40,30,256,30,50,0,glorot_uniform,<class 'keras.optimizers.Adam'>,0.01,<function relu at 0x000002310C9D2EA0>
50,1.54467014,0.805713272,0.013050683,0.997634414,75,50,30,64,30,50,0,he_uniform,<class 'keras.optimizers.Adam'>,0.01,<function elu at 0x000002310C9D2C80>
50,1.883929034,0.805713272,0.010134375,0.997674105,80,60,20,64,30,50,0,lecun_normal,<class 'keras.optimizers.Adam'>,0.01,<function elu at 0x000002310C9D2C80>
50,1.786881788,0.805624556,0.014768168,0.997301009,80,40,30,64,30,50,0,normal,<class 'keras.optimizers.Adam'>,0.01,<function elu at 0x000002310C9D2C80>
50,2.066333397,0.805580199,0.025479114,0.994935423,80,50,30,32,30,50,0,he_normal,<class 'keras.optimizers.Adam'>,0.01,<function elu at 0x000002310C9D2C80>
50,1.695652807,0.805447126,0.002625501,0.999039477,80,50,15,64,30,50,0,he_uniform,<class 'keras.optimizers.Adam'>,0.001,<function relu at 0x000002310C9D2EA0>
50,1.769122337,0.805447126,0.002660793,0.998983909,80,50,15,64,30,50,0,he_uniform,<class 'keras.optimizers.Adam'>,0.001,<function elu at 0x000002310C9D2C80>
50,1.722187709,0.805092264,0.008811466,0.998063077,80,40,15,64,30,50,0,lecun_normal,<class 'keras.optimizers.Adam'>,0.01,<function relu at 0x000002310C9D2EA0>
50,1.781182751,0.805003549,0.003573442,0.998817207,100,50,15,32,30,50,0,he_normal,<class 'keras.optimizers.Adam'>,0.001,<function selu at 0x000002310CE2AB70>
50,1.580218266,0.804914833,0.004881377,0.998721948,100,60,30,256,30,50,0,normal,<class 'keras.optimizers.Adam'>,0.01,<function relu at 0x000002310C9D2EA0>
50,1.888720615,0.804826118,0.004125939,0.998650504,100,50,20,256,30,50,0,he_uniform,<class 'keras.optimizers.Adam'>,0.01,<function relu at 0x000002310C9D2EA0>
50,1.792724489,0.804737402,0.004994926,0.99849174,80,40,15,256,30,50,0,lecun_uniform,<class 'keras.optimizers.Adam'>,0.01,<function elu at 0x000002310C9D2C80>
50,1.755943084,0.804648687,0.003050923,0.998960095,100,60,30,32,30,50,0,glorot_uniform,<class 'keras.optimizers.Adam'>,0.001,<function elu at 0x000002310C9D2C80>
50,1.497221888,0.804515614,0.003447294,0.99880133,100,40,20,64,30,50,0,he_uniform,<class 'keras.optimizers.Adam'>,0.001,<function selu at 0x000002310CE2AB70>
50,1.845767476,0.804471256,0.003468317,0.998841021,75,40,20,32,30,50,0,lecun_normal,<class 'keras.optimizers.Adam'>,0.001,<function selu at 0x000002310CE2AB70>
50,1.820280305,0.804338183,0.002643891,0.9990236,75,50,20,32,30,50,0,he_normal,<class 'keras.optimizers.Adam'>,0.001,<function relu at 0x000002310C9D2EA0>
50,1.849779888,0.804249468,0.020098737,0.996777087,80,50,20,64,30,50,0,he_uniform,<class 'keras.optimizers.Adam'>,0.01,<function selu at 0x000002310CE2AB70>
50,1.793549777,0.80420511,0.00304126,0.998912465,80,60,20,64,30,50,0,he_uniform,<class 'keras.optimizers.Adam'>,0.001,<function elu at 0x000002310C9D2C80>
50,1.712881639,0.803761533,0.016550751,0.997007295,80,40,30,32,30,50,0,glorot_normal,<class 'keras.optimizers.Adam'>,0.01,<function elu at 0x000002310C9D2C80>
50,1.979920984,0.803761533,0.006938925,0.99795988,80,60,20,256,30,50,0,normal,<class 'keras.optimizers.Adam'>,0.01,<function elu at 0x000002310C9D2C80>
50,1.356290228,0.803539744,0.004462055,0.998674319,80,40,15,256,30,50,0,lecun_uniform,<class 'keras.optimizers.Adam'>,0.001,<function selu at 0x000002310CE2AB70>
50,1.896342965,0.803406671,0.005431225,0.998364729,75,50,30,256,30,50,0,lecun_uniform,<class 'keras.optimizers.Adam'>,0.01,<function elu at 0x000002310C9D2C80>
50,1.418072206,0.803273598,0.003148199,0.998928342,75,50,30,256,30,50,0,lecun_uniform,<class 'keras.optimizers.Adam'>,0.001,<function relu at 0x000002310C9D2EA0>
50,1.59272966,0.803229241,0.004119016,0.99871401,75,60,15,256,30,50,0,lecun_uniform,<class 'keras.optimizers.Adam'>,0.01,<function relu at 0x000002310C9D2EA0>
50,1.654542046,0.803229241,0.003128684,0.998833083,100,40,30,64,30,50,0,normal,<class 'keras.optimizers.Adam'>,0.001,<function elu at 0x000002310C9D2C80>
50,1.812233416,0.803229241,0.00799151,0.998015448,75,40,30,256,30,50,0,lecun_normal,<class 'keras.optimizers.Adam'>,0.01,<function selu at 0x000002310CE2AB70>
50,1.106760671,0.803184883,0.009861648,0.997324824,75,50,20,256,30,50,0,he_uniform,<class 'keras.optimizers.Adam'>,0.0001,<function elu at 0x000002310C9D2C80>
50,1.713688246,0.803140525,0.003074029,0.998920404,100,40,30,64,30,50,0,he_uniform,<class 'keras.optimizers.Adam'>,0.001,<function elu at 0x000002310C9D2C80>
50,1.979001187,0.803140525,0.018906929,0.996777087,80,50,15,32,30,50,0,glorot_uniform,<class 'keras.optimizers.Adam'>,0.01,<function elu at 0x000002310C9D2C80>
50,1.676211578,0.803007452,0.003030962,0.998920404,75,60,20,64,30,50,0,glorot_normal,<class 'keras.optimizers.Adam'>,0.001,<function elu at 0x000002310C9D2C80>
50,1.458971934,0.802963094,0.003354475,0.998880713,100,60,30,256,30,50,0,glorot_uniform,<class 'keras.optimizers.Adam'>,0.001,<function elu at 0x000002310C9D2C80>
50,2.036695383,0.802830021,0.010523174,0.997578846,100,40,20,64,30,50,0,glorot_uniform,<class 'keras.optimizers.Adam'>,0.01,<function elu at 0x000002310C9D2C80>
50,1.801529967,0.802785664,0.003110383,0.998896589,75,40,30,32,30,50,0,normal,<class 'keras.optimizers.Adam'>,0.001,<function elu at 0x000002310C9D2C80>
50,1.336140798,0.802563875,0.016689041,0.996403991,75,50,30,32,30,50,0,glorot_normal,<class 'keras.optimizers.Adam'>,0.01,<function relu at 0x000002310C9D2EA0>
50,1.892213129,0.802519517,0.003524771,0.998880713,100,50,20,32,30,50,0,he_uniform,<class 'keras.optimizers.Adam'>,0.001,<function selu at 0x000002310CE2AB70>
50,1.128369534,0.80247516,0.004467158,0.998698134,75,50,30,32,30,50,0,normal,<class 'keras.optimizers.Adam'>,0.0001,<function selu at 0x000002310CE2AB70>
50,1.123356977,0.802386444,0.006600964,0.998126583,100,40,30,64,30,50,0,normal,<class 'keras.optimizers.Adam'>,0.0001,<function elu at 0x000002310C9D2C80>
50,1.695270499,0.802209013,0.003967313,0.998618752,80,40,30,256,30,50,0,he_normal,<class 'keras.optimizers.Adam'>,0.01,<function relu at 0x000002310C9D2EA0>
50,1.041094667,0.801809794,0.004369464,0.998594937,75,40,20,32,30,50,0,he_uniform,<class 'keras.optimizers.Adam'>,0.0001,<function relu at 0x000002310C9D2EA0>
50,0.951850015,0.801765436,0.003840383,0.99880133,100,40,20,32,30,50,0,glorot_normal,<class 'keras.optimizers.Adam'>,0.0001,<function relu at 0x000002310C9D2EA0>
50,1.724049991,0.80149929,0.003502892,0.99880133,100,50,20,64,30,50,0,he_uniform,<class 'keras.optimizers.Adam'>,0.001,<function selu at 0x000002310CE2AB70>
50,1.234369646,0.801233144,0.005568572,0.998547308,75,60,30,64,30,50,0,normal,<class 'keras.optimizers.Adam'>,0.0001,<function selu at 0x000002310CE2AB70>
50,1.454927107,0.801100071,0.003452319,0.998841021,100,60,30,256,30,50,0,normal,<class 'keras.optimizers.Adam'>,0.001,<function relu at 0x000002310C9D2EA0>
50,1.827931786,0.800833925,0.016053542,0.996554817,75,50,15,32,30,50,0,he_normal,<class 'keras.optimizers.Adam'>,0.01,<function relu at 0x000002310C9D2EA0>
50,1.667957468,0.800833925,0.002809111,0.998999786,80,40,15,64,30,50,0,glorot_normal,<class 'keras.optimizers.Adam'>,0.001,<function relu at 0x000002310C9D2EA0>
50,1.406784179,0.800700852,0.016388175,0.996753273,100,40,30,32,30,50,0,lecun_normal,<class 'keras.optimizers.Adam'>,0.01,<function relu at 0x000002310C9D2EA0>
50,1.831121389,0.800612136,0.014788786,0.997110492,75,60,30,64,30,50,0,normal,<class 'keras.optimizers.Adam'>,0.01,<function elu at 0x000002310C9D2C80>
50,1.847247108,0.800567779,0.013851619,0.997451835,75,40,15,32,30,50,0,lecun_uniform,<class 'keras.optimizers.Adam'>,0.01,<function relu at 0x000002310C9D2EA0>
50,1.182651192,0.800567779,0.003676367,0.998777516,100,50,30,32,30,50,0,lecun_normal,<class 'keras.optimizers.Adam'>,0.0001,<function elu at 0x000002310C9D2C80>
50,1.741279002,0.799946771,0.002741056,0.998991847,75,40,30,64,30,50,0,normal,<class 'keras.optimizers.Adam'>,0.001,<function relu at 0x000002310C9D2EA0>
50,1.746105232,0.799946771,0.009293661,0.997904313,80,40,20,64,30,50,0,glorot_normal,<class 'keras.optimizers.Adam'>,0.01,<function elu at 0x000002310C9D2C80>
50,1.135888018,0.799281405,0.005046695,0.998348853,100,60,20,64,30,50,0,normal,<class 'keras.optimizers.Adam'>,0.0001,<function relu at 0x000002310C9D2EA0>
50,1.548020893,0.79919269,0.002912979,0.998952156,100,40,20,32,30,50,0,lecun_uniform,<class 'keras.optimizers.Adam'>,0.001,<function relu at 0x000002310C9D2EA0>
50,1.431526695,0.798793471,0.002825315,0.998968033,75,50,15,32,30,50,0,he_uniform,<class 'keras.optimizers.Adam'>,0.001,<function relu at 0x000002310C9D2EA0>
50,1.558599732,0.798261178,0.003382467,0.998841021,75,40,20,64,30,50,0,lecun_normal,<class 'keras.optimizers.Adam'>,0.001,<function selu at 0x000002310CE2AB70>
50,1.929415786,0.798128105,0.005837733,0.998277409,80,50,15,256,30,50,0,glorot_uniform,<class 'keras.optimizers.Adam'>,0.01,<function elu at 0x000002310C9D2C80>
50,1.571456711,0.797995032,0.007617283,0.997975757,100,50,20,256,30,50,0,glorot_uniform,<class 'keras.optimizers.Adam'>,0.0001,<function relu at 0x000002310C9D2EA0>
50,1.852384182,0.797817601,0.004415262,0.998515555,75,50,20,256,30,50,0,normal,<class 'keras.optimizers.Adam'>,0.01,<function relu at 0x000002310C9D2EA0>
50,1.451291591,0.797595813,0.00820602,0.998150397,80,60,30,256,30,50,0,normal,<class 'keras.optimizers.Adam'>,0.01,<function selu at 0x000002310CE2AB70>
50,1.861842273,0.79746274,0.003097011,0.99893628,100,50,15,32,30,50,0,glorot_uniform,<class 'keras.optimizers.Adam'>,0.001,<function elu at 0x000002310C9D2C80>
50,1.965940608,0.797418382,0.021161843,0.995570479,100,60,15,32,30,50,0,lecun_normal,<class 'keras.optimizers.Adam'>,0.01,<function elu at 0x000002310C9D2C80>
50,1.060435638,0.797329666,0.010751962,0.997213689,80,60,15,256,30,50,0,lecun_uniform,<class 'keras.optimizers.Adam'>,0.0001,<function selu at 0x000002310CE2AB70>
50,1.311716784,0.797196593,0.003823636,0.99871401,80,60,20,256,30,50,0,he_uniform,<class 'keras.optimizers.Adam'>,0.001,<function elu at 0x000002310C9D2C80>
50,2.059788514,0.796974805,0.011241026,0.997578846,100,60,20,64,30,50,0,glorot_uniform,<class 'keras.optimizers.Adam'>,0.01,<function elu at 0x000002310C9D2C80>
50,2.050873563,0.796930447,0.040282914,0.993951085,100,40,30,32,30,50,0,he_normal,<class 'keras.optimizers.Adam'>,0.01,<function selu at 0x000002310CE2AB70>
50,1.334499873,0.796886089,0.004339957,0.998721948,100,60,30,64,30,50,0,he_uniform,<class 'keras.optimizers.Adam'>,0.0001,<function selu at 0x000002310CE2AB70>
50,1.353644649,0.796753016,0.002503854,0.999031539,75,40,30,64,30,50,0,he_uniform,<class 'keras.optimizers.Adam'>,0.001,<function relu at 0x000002310C9D2EA0>
50,1.753261626,0.796619943,0.010348673,0.997769363,80,60,15,64,30,50,0,he_uniform,<class 'keras.optimizers.Adam'>,0.01,<function elu at 0x000002310C9D2C80>
50,1.524945121,0.79648687,0.008088661,0.998142459,75,40,15,64,30,50,0,glorot_normal,<class 'keras.optimizers.Adam'>,0.01,<function relu at 0x000002310C9D2EA0>
50,2.160407662,0.795954578,0.003139885,0.998841021,80,40,20,32,30,50,0,lecun_uniform,<class 'keras.optimizers.Adam'>,0.001,<function selu at 0x000002310CE2AB70>
50,1.559955539,0.795865862,0.003221871,0.998928342,80,40,30,256,30,50,0,lecun_uniform,<class 'keras.optimizers.Adam'>,0.001,<function elu at 0x000002310C9D2C80>
50,1.192528587,0.795599716,0.003733149,0.998785454,100,60,20,32,30,50,0,he_uniform,<class 'keras.optimizers.Adam'>,0.0001,<function elu at 0x000002310C9D2C80>
50,1.901744206,0.795200497,0.003583545,0.998777516,80,60,20,32,30,50,0,lecun_normal,<class 'keras.optimizers.Adam'>,0.001,<function selu at 0x000002310CE2AB70>
50,1.745688913,0.795156139,0.016630825,0.997086677,75,50,20,32,30,50,0,lecun_normal,<class 'keras.optimizers.Adam'>,0.01,<function elu at 0x000002310C9D2C80>
50,1.821288736,0.795111781,0.003223093,0.998904527,80,40,30,32,30,50,0,lecun_uniform,<class 'keras.optimizers.Adam'>,0.001,<function elu at 0x000002310C9D2C80>
50,1.422454369,0.79475692,0.003296289,0.998888651,75,50,20,256,30,50,0,glorot_normal,<class 'keras.optimizers.Adam'>,0.001,<function relu at 0x000002310C9D2EA0>
50,2.046058874,0.794402058,0.003708652,0.99871401,100,60,30,32,30,50,0,normal,<class 'keras.optimizers.Adam'>,0.001,<function selu at 0x000002310CE2AB70>
50,1.73248574,0.79418027,0.003441489,0.998737825,80,50,30,64,30,50,0,normal,<class 'keras.optimizers.Adam'>,0.001,<function selu at 0x000002310CE2AB70>
50,1.703204333,0.793559262,0.003137187,0.998920404,80,50,15,32,30,50,0,glorot_normal,<class 'keras.optimizers.Adam'>,0.001,<function elu at 0x000002310C9D2C80>
50,1.382535853,0.793470546,0.003022502,0.998952156,75,40,20,64,30,50,0,glorot_uniform,<class 'keras.optimizers.Adam'>,0.001,<function elu at 0x000002310C9D2C80>
50,1.581672205,0.793426189,0.014741311,0.997213689,80,40,20,32,30,50,0,lecun_uniform,<class 'keras.optimizers.Adam'>,0.01,<function relu at 0x000002310C9D2EA0>
50,1.846150122,0.7932044,0.002985604,0.998960095,100,40,15,32,30,50,0,normal,<class 'keras.optimizers.Adam'>,0.001,<function relu at 0x000002310C9D2EA0>
50,1.616874982,0.793115685,0.009480834,0.997348638,75,60,20,256,30,50,0,glorot_normal,<class 'keras.optimizers.Adam'>,0.0001,<function elu at 0x000002310C9D2C80>
50,1.082220802,0.793071327,0.004924505,0.998459987,100,60,20,64,30,50,0,glorot_normal,<class 'keras.optimizers.Adam'>,0.0001,<function elu at 0x000002310C9D2C80>
50,2.14656852,0.793026969,0.014341188,0.997039048,80,60,15,32,30,50,0,he_normal,<class 'keras.optimizers.Adam'>,0.01,<function relu at 0x000002310C9D2EA0>
50,1.911555782,0.792982612,0.002826332,0.998928342,100,60,15,64,30,50,0,he_normal,<class 'keras.optimizers.Adam'>,0.001,<function elu at 0x000002310C9D2C80>
50,1.103853713,0.792938254,0.003986465,0.998706072,75,60,30,32,30,50,0,lecun_uniform,<class 'keras.optimizers.Adam'>,0.0001,<function elu at 0x000002310C9D2C80>
50,1.439636706,0.792893896,0.008262443,0.997634414,80,40,20,256,30,50,0,he_normal,<class 'keras.optimizers.Adam'>,0.0001,<function relu at 0x000002310C9D2EA0>
50,1.851501426,0.792494677,0.0036586,0.99880133,80,50,20,64,30,50,0,lecun_normal,<class 'keras.optimizers.Adam'>,0.001,<function selu at 0x000002310CE2AB70>
50,2.155872649,0.792494677,0.024194946,0.996316671,75,50,20,32,30,50,0,lecun_normal,<class 'keras.optimizers.Adam'>,0.01,<function selu at 0x000002310CE2AB70>
50,1.226995532,0.792405962,0.005077505,0.998412358,80,50,30,64,30,50,0,he_uniform,<class 'keras.optimizers.Adam'>,0.0001,<function elu at 0x000002310C9D2C80>
50,1.349018903,0.792361604,0.008990275,0.997777301,75,50,20,256,30,50,0,glorot_uniform,<class 'keras.optimizers.Adam'>,0.0001,<function selu at 0x000002310CE2AB70>
50,1.695158548,0.792317246,0.003018216,0.998928342,75,40,15,32,30,50,0,glorot_uniform,<class 'keras.optimizers.Adam'>,0.001,<function relu at 0x000002310C9D2EA0>
50,1.386090304,0.792139815,0.003600575,0.99884896,80,50,15,64,30,50,0,he_normal,<class 'keras.optimizers.Adam'>,0.001,<function selu at 0x000002310CE2AB70>
50,1.17927974,0.791651881,0.003788961,0.99884896,100,50,30,32,30,50,0,he_normal,<class 'keras.optimizers.Adam'>,0.0001,<function selu at 0x000002310CE2AB70>
50,1.605185289,0.791651881,0.003460424,0.998809269,80,50,15,64,30,50,0,lecun_normal,<class 'keras.optimizers.Adam'>,0.001,<function selu at 0x000002310CE2AB70>
50,1.978338053,0.791607523,0.003771813,0.998769578,100,50,30,32,30,50,0,lecun_uniform,<class 'keras.optimizers.Adam'>,0.001,<function selu at 0x000002310CE2AB70>
50,2.144797104,0.791607523,0.005734405,0.998293285,100,60,15,256,30,50,0,glorot_normal,<class 'keras.optimizers.Adam'>,0.01,<function elu at 0x000002310C9D2C80>
50,1.703979189,0.791252661,0.003331009,0.998872774,100,40,15,32,30,50,0,normal,<class 'keras.optimizers.Adam'>,0.001,<function elu at 0x000002310C9D2C80>
50,1.152561721,0.791208304,0.006080109,0.998134521,80,40,15,64,30,50,0,lecun_uniform,<class 'keras.optimizers.Adam'>,0.0001,<function elu at 0x000002310C9D2C80>
50,1.766262499,0.791075231,0.00338322,0.99884896,100,50,20,64,30,50,0,lecun_normal,<class 'keras.optimizers.Adam'>,0.001,<function selu at 0x000002310CE2AB70>
50,1.945488667,0.790809084,0.00741363,0.998031324,80,40,20,256,30,50,0,he_normal,<class 'keras.optimizers.Adam'>,0.01,<function selu at 0x000002310CE2AB70>
50,1.80415862,0.790676011,0.003320356,0.998809269,75,50,30,64,30,50,0,he_uniform,<class 'keras.optimizers.Adam'>,0.001,<function selu at 0x000002310CE2AB70>
50,1.856411738,0.790676011,0.01699023,0.996745334,75,50,30,32,30,50,0,lecun_normal,<class 'keras.optimizers.Adam'>,0.01,<function relu at 0x000002310C9D2EA0>
50,1.458428941,0.790676011,0.010294473,0.997197812,100,40,20,256,30,50,0,glorot_uniform,<class 'keras.optimizers.Adam'>,0.0001,<function elu at 0x000002310C9D2C80>
50,1.255630515,0.790631654,0.008501753,0.997578846,80,50,15,256,30,50,0,he_uniform,<class 'keras.optimizers.Adam'>,0.0001,<function relu at 0x000002310C9D2EA0>
50,1.579540991,0.790587296,0.02199509,0.99641193,75,60,30,32,30,50,0,glorot_uniform,<class 'keras.optimizers.Adam'>,0.01,<function elu at 0x000002310C9D2C80>
50,1.495072197,0.790055004,0.003736108,0.998666381,75,40,30,256,30,50,0,lecun_uniform,<class 'keras.optimizers.Adam'>,0.001,<function elu at 0x000002310C9D2C80>
50,1.34656343,0.790010646,0.002999055,0.99907123,100,50,20,32,30,50,0,he_normal,<class 'keras.optimizers.Adam'>,0.0001,<function relu at 0x000002310C9D2EA0>
50,1.733175723,0.789966288,0.003427698,0.998737825,100,40,15,32,30,50,0,he_normal,<class 'keras.optimizers.Adam'>,0.001,<function selu at 0x000002310CE2AB70>
50,1.102045708,0.789833215,0.00392113,0.998729887,100,50,30,64,30,50,0,he_uniform,<class 'keras.optimizers.Adam'>,0.0001,<function relu at 0x000002310C9D2EA0>
50,1.17479672,0.789788857,0.005967362,0.998110706,75,60,15,64,30,50,0,he_uniform,<class 'keras.optimizers.Adam'>,0.0001,<function elu at 0x000002310C9D2C80>
50,1.495324713,0.78934528,0.004157821,0.998682257,75,50,15,256,30,50,0,lecun_uniform,<class 'keras.optimizers.Adam'>,0.001,<function elu at 0x000002310C9D2C80>
50,1.194038932,0.789300923,0.004448779,0.99862669,100,60,15,64,30,50,0,lecun_uniform,<class 'keras.optimizers.Adam'>,0.0001,<function relu at 0x000002310C9D2EA0>
50,0.900060744,0.788901703,0.006646252,0.998086892,80,40,20,64,30,50,0,normal,<class 'keras.optimizers.Adam'>,0.0001,<function relu at 0x000002310C9D2EA0>
50,1.900128333,0.788679915,0.003473105,0.99884896,100,40,20,32,30,50,0,he_uniform,<class 'keras.optimizers.Adam'>,0.001,<function selu at 0x000002310CE2AB70>
50,1.910033044,0.788679915,0.012932092,0.996967604,75,60,15,32,30,50,0,lecun_uniform,<class 'keras.optimizers.Adam'>,0.01,<function relu at 0x000002310C9D2EA0>
50,1.180338482,0.788546842,0.009822805,0.997173998,100,40,30,256,30,50,0,lecun_uniform,<class 'keras.optimizers.Adam'>,0.0001,<function elu at 0x000002310C9D2C80>
50,1.586959306,0.788369411,0.003676087,0.998817207,80,60,20,256,30,50,0,glorot_uniform,<class 'keras.optimizers.Adam'>,0.001,<function selu at 0x000002310CE2AB70>
50,1.796245561,0.788103265,0.003636736,0.998817207,80,60,20,32,30,50,0,he_uniform,<class 'keras.optimizers.Adam'>,0.001,<function selu at 0x000002310CE2AB70>
50,1.084964374,0.787970192,0.00673817,0.997975757,75,60,30,64,30,50,0,normal,<class 'keras.optimizers.Adam'>,0.0001,<function elu at 0x000002310C9D2C80>
50,1.145110726,0.787704045,0.005395654,0.998364729,75,50,20,64,30,50,0,glorot_uniform,<class 'keras.optimizers.Adam'>,0.0001,<function selu at 0x000002310CE2AB70>
50,1.126211619,0.787704045,0.003781385,0.998729887,100,50,15,256,30,50,0,lecun_normal,<class 'keras.optimizers.Adam'>,0.001,<function elu at 0x000002310C9D2C80>
50,1.23702301,0.787659688,0.004988923,0.998523493,75,60,30,64,30,50,0,he_uniform,<class 'keras.optimizers.Adam'>,0.0001,<function selu at 0x000002310CE2AB70>
50,1.673038016,0.787260468,0.003307886,0.998785454,75,50,15,64,30,50,0,lecun_uniform,<class 'keras.optimizers.Adam'>,0.001,<function elu at 0x000002310C9D2C80>
50,1.803301557,0.787216111,0.031625686,0.99481635,75,50,20,32,30,50,0,he_normal,<class 'keras.optimizers.Adam'>,0.01,<function selu at 0x000002310CE2AB70>
50,1.337675494,0.786816891,0.004185374,0.998666381,75,40,30,32,30,50,0,he_uniform,<class 'keras.optimizers.Adam'>,0.0001,<function selu at 0x000002310CE2AB70>
50,2.067290099,0.786728176,0.003466945,0.99880133,100,60,20,32,30,50,0,lecun_uniform,<class 'keras.optimizers.Adam'>,0.001,<function selu at 0x000002310CE2AB70>
50,1.111059304,0.786550745,0.01120448,0.997269256,80,50,15,256,30,50,0,lecun_uniform,<class 'keras.optimizers.Adam'>,0.0001,<function selu at 0x000002310CE2AB70>
50,1.144681427,0.78646203,0.011358175,0.997189874,80,40,15,256,30,50,0,lecun_uniform,<class 'keras.optimizers.Adam'>,0.0001,<function selu at 0x000002310CE2AB70>
50,1.919483338,0.786284599,0.003673643,0.998841021,75,60,20,256,30,50,0,glorot_normal,<class 'keras.optimizers.Adam'>,0.001,<function elu at 0x000002310C9D2C80>
50,1.595616679,0.786151526,0.003990972,0.998721948,100,60,20,32,30,50,0,he_uniform,<class 'keras.optimizers.Adam'>,0.0001,<function selu at 0x000002310CE2AB70>
50,1.168204482,0.785974095,0.003468814,0.998904527,100,40,15,32,30,50,0,he_normal,<class 'keras.optimizers.Adam'>,0.0001,<function relu at 0x000002310C9D2EA0>
50,1.300924314,0.785974095,0.009050784,0.997539155,80,50,30,256,30,50,0,glorot_uniform,<class 'keras.optimizers.Adam'>,0.0001,<function elu at 0x000002310C9D2C80>
50,1.102219845,0.785929737,0.004341659,0.998634628,75,60,15,32,30,50,0,glorot_normal,<class 'keras.optimizers.Adam'>,0.0001,<function selu at 0x000002310CE2AB70>
50,1.231729228,0.78548616,0.004266138,0.998650504,75,60,15,256,30,50,0,he_normal,<class 'keras.optimizers.Adam'>,0.001,<function selu at 0x000002310CE2AB70>
50,1.165634571,0.785397445,0.005070299,0.998356791,75,50,20,32,30,50,0,normal,<class 'keras.optimizers.Adam'>,0.0001,<function relu at 0x000002310C9D2EA0>
50,1.388173703,0.78530873,0.003996539,0.998634628,80,40,15,256,30,50,0,lecun_normal,<class 'keras.optimizers.Adam'>,0.001,<function selu at 0x000002310CE2AB70>
50,1.578877123,0.785175656,0.003333365,0.998817207,80,40,20,64,30,50,0,normal,<class 'keras.optimizers.Adam'>,0.001,<function elu at 0x000002310C9D2C80>
50,1.192664415,0.784865153,0.009448777,0.997451835,75,50,30,256,30,50,0,he_uniform,<class 'keras.optimizers.Adam'>,0.0001,<function elu at 0x000002310C9D2C80>
50,1.961638353,0.784865153,0.003609822,0.998841021,75,60,30,32,30,50,0,normal,<class 'keras.optimizers.Adam'>,0.001,<function selu at 0x000002310CE2AB70>
50,1.177333894,0.784687722,0.004004268,0.99871401,80,50,15,256,30,50,0,normal,<class 'keras.optimizers.Adam'>,0.001,<function elu at 0x000002310C9D2C80>
50,1.216110522,0.784599006,0.0038134,0.998793392,75,50,30,32,30,50,0,lecun_uniform,<class 'keras.optimizers.Adam'>,0.0001,<function selu at 0x000002310CE2AB70>
50,1.054451044,0.784288502,0.008116421,0.997682043,80,50,30,256,30,50,0,glorot_uniform,<class 'keras.optimizers.Adam'>,0.0001,<function relu at 0x000002310C9D2EA0>
50,1.847917121,0.783933641,0.003466695,0.998753701,75,50,20,64,30,50,0,he_normal,<class 'keras.optimizers.Adam'>,0.001,<function selu at 0x000002310CE2AB70>
50,1.127119624,0.783844925,0.00377881,0.998745763,100,60,20,32,30,50,0,he_normal,<class 'keras.optimizers.Adam'>,0.0001,<function elu at 0x000002310C9D2C80>
50,1.26129319,0.783623137,0.003773681,0.998825145,100,50,30,32,30,50,0,he_normal,<class 'keras.optimizers.Adam'>,0.0001,<function elu at 0x000002310C9D2C80>
50,1.555772403,0.783490064,0.003443524,0.998864836,80,60,20,256,30,50,0,lecun_normal,<class 'keras.optimizers.Adam'>,0.001,<function elu at 0x000002310C9D2C80>
50,1.273254718,0.783223918,0.00752743,0.997769363,100,50,15,256,30,50,0,glorot_normal,<class 'keras.optimizers.Adam'>,0.0001,<function relu at 0x000002310C9D2EA0>
50,1.092987948,0.783135202,0.006819565,0.997936066,80,40,15,64,30,50,0,lecun_normal,<class 'keras.optimizers.Adam'>,0.0001,<function elu at 0x000002310C9D2C80>
50,1.392035918,0.782957771,0.003787763,0.99880133,100,40,30,32,30,50,0,he_uniform,<class 'keras.optimizers.Adam'>,0.0001,<function selu at 0x000002310CE2AB70>
50,1.518298497,0.782780341,0.008221542,0.997689981,100,60,20,256,30,50,0,glorot_normal,<class 'keras.optimizers.Adam'>,0.0001,<function selu at 0x000002310CE2AB70>
50,1.593027585,0.78260291,0.002748681,0.9990236,100,40,20,64,30,50,0,lecun_uniform,<class 'keras.optimizers.Adam'>,0.001,<function relu at 0x000002310C9D2EA0>
50,1.082029336,0.782514194,0.00550479,0.998515555,80,40,15,64,30,50,0,he_normal,<class 'keras.optimizers.Adam'>,0.0001,<function selu at 0x000002310CE2AB70>
50,1.316800042,0.782469837,0.00416749,0.998674319,80,50,15,32,30,50,0,he_uniform,<class 'keras.optimizers.Adam'>,0.0001,<function selu at 0x000002310CE2AB70>
50,1.295131629,0.782292406,0.004567085,0.998547308,75,40,20,32,30,50,0,he_uniform,<class 'keras.optimizers.Adam'>,0.0001,<function selu at 0x000002310CE2AB70>
50,1.078032432,0.781981902,0.00421698,0.998571122,75,50,15,32,30,50,0,lecun_normal,<class 'keras.optimizers.Adam'>,0.0001,<function elu at 0x000002310C9D2C80>
50,1.047914157,0.780518098,0.004261428,0.998634628,80,50,30,32,30,50,0,lecun_uniform,<class 'keras.optimizers.Adam'>,0.0001,<function elu at 0x000002310C9D2C80>
50,1.628180891,0.780207594,0.004336332,0.998674319,100,40,20,32,30,50,0,he_uniform,<class 'keras.optimizers.Adam'>,0.0001,<function selu at 0x000002310CE2AB70>
50,1.964003393,0.779143009,0.003671684,0.998769578,80,60,15,32,30,50,0,glorot_uniform,<class 'keras.optimizers.Adam'>,0.001,<function selu at 0x000002310CE2AB70>
50,1.083720147,0.778477644,0.004488045,0.998658443,80,50,30,32,30,50,0,he_normal,<class 'keras.optimizers.Adam'>,0.0001,<function selu at 0x000002310CE2AB70>
50,1.937812463,0.777812278,0.003391196,0.998809269,100,40,30,256,30,50,0,glorot_normal,<class 'keras.optimizers.Adam'>,0.001,<function elu at 0x000002310C9D2C80>
50,1.052928417,0.777279986,0.005340043,0.998332976,100,40,15,64,30,50,0,he_normal,<class 'keras.optimizers.Adam'>,0.0001,<function selu at 0x000002310CE2AB70>
50,1.039977821,0.777279986,0.004830821,0.998531431,75,40,30,64,30,50,0,lecun_normal,<class 'keras.optimizers.Adam'>,0.0001,<function selu at 0x000002310CE2AB70>
50,1.19034657,0.777235628,0.003177637,0.998960095,75,60,20,32,30,50,0,he_uniform,<class 'keras.optimizers.Adam'>,0.0001,<function relu at 0x000002310C9D2EA0>
50,1.240859907,0.776969482,0.008153823,0.997713796,75,60,30,256,30,50,0,glorot_normal,<class 'keras.optimizers.Adam'>,0.0001,<function selu at 0x000002310CE2AB70>
50,1.282866175,0.776747693,0.004429272,0.998706072,80,40,15,32,30,50,0,glorot_normal,<class 'keras.optimizers.Adam'>,0.0001,<function elu at 0x000002310C9D2C80>
50,1.183610402,0.776392832,0.004447481,0.998594937,80,40,15,32,30,50,0,lecun_uniform,<class 'keras.optimizers.Adam'>,0.0001,<function selu at 0x000002310CE2AB70>
50,1.220014944,0.776259759,0.004156208,0.998682257,100,40,20,32,30,50,0,glorot_uniform,<class 'keras.optimizers.Adam'>,0.0001,<function elu at 0x000002310C9D2C80>
50,1.034958193,0.77603797,0.005723184,0.998388544,80,40,20,64,30,50,0,he_uniform,<class 'keras.optimizers.Adam'>,0.0001,<function selu at 0x000002310CE2AB70>
50,0.967419589,0.772267566,0.004640817,0.998547308,80,60,20,64,30,50,0,glorot_normal,<class 'keras.optimizers.Adam'>,0.0001,<function elu at 0x000002310C9D2C80>
50,1.313928858,0.771735273,0.037969399,0.989465997,100,40,20,256,30,50,0,normal,<class 'keras.optimizers.Adam'>,0.1,<function relu at 0x000002310C9D2EA0>
50,0.939938637,0.771513485,0.005558459,0.998356791,80,50,20,64,30,50,0,lecun_uniform,<class 'keras.optimizers.Adam'>,0.0001,<function relu at 0x000002310C9D2EA0>
50,1.323675254,0.769960965,0.009832959,0.997261318,100,50,15,256,30,50,0,he_uniform,<class 'keras.optimizers.Adam'>,0.0001,<function elu at 0x000002310C9D2C80>
50,1.438676759,0.769960965,0.0091499,0.997507402,80,50,30,256,30,50,0,lecun_normal,<class 'keras.optimizers.Adam'>,0.0001,<function relu at 0x000002310C9D2EA0>
50,1.359984295,0.769960965,0.009797655,0.997229565,100,40,20,256,30,50,0,he_normal,<class 'keras.optimizers.Adam'>,0.0001,<function elu at 0x000002310C9D2C80>
50,1.432227099,0.769162527,0.004818507,0.998531431,100,60,15,64,30,50,0,glorot_normal,<class 'keras.optimizers.Adam'>,0.0001,<function elu at 0x000002310C9D2C80>
50,1.138403749,0.768097942,0.004470759,0.998563184,80,60,20,64,30,50,0,glorot_normal,<class 'keras.optimizers.Adam'>,0.0001,<function relu at 0x000002310C9D2EA0>
50,1.178845106,0.766545422,0.008076514,0.997912251,75,50,30,256,30,50,0,lecun_normal,<class 'keras.optimizers.Adam'>,0.0001,<function selu at 0x000002310CE2AB70>
50,0.936975534,0.766412349,0.008088071,0.997761425,75,40,30,256,30,50,0,he_uniform,<class 'keras.optimizers.Adam'>,0.0001,<function relu at 0x000002310C9D2EA0>
50,1.188508613,0.766279276,0.005245731,0.998380605,80,60,30,64,30,50,0,lecun_uniform,<class 'keras.optimizers.Adam'>,0.0001,<function elu at 0x000002310C9D2C80>
50,1.149555189,0.766101845,0.005029054,0.998388544,80,60,20,64,30,50,0,lecun_uniform,<class 'keras.optimizers.Adam'>,0.0001,<function elu at 0x000002310C9D2C80>
50,1.196582508,0.763174237,0.00397192,0.998737825,75,60,15,32,30,50,0,lecun_normal,<class 'keras.optimizers.Adam'>,0.0001,<function relu at 0x000002310C9D2EA0>
50,1.246536326,0.761887864,0.004993433,0.998483802,75,50,30,64,30,50,0,he_normal,<class 'keras.optimizers.Adam'>,0.0001,<function elu at 0x000002310C9D2C80>
50,1.312705399,0.760778921,0.034002615,0.989791463,75,50,30,256,30,50,0,lecun_normal,<class 'keras.optimizers.Adam'>,0.1,<function relu at 0x000002310C9D2EA0>
50,1.609448023,0.753415543,0.010755377,0.997062863,75,50,20,256,30,50,0,lecun_normal,<class 'keras.optimizers.Adam'>,0.0001,<function elu at 0x000002310C9D2C80>
50,1.46217999,0.751596877,0.010241184,0.997070801,75,50,15,256,30,50,0,glorot_uniform,<class 'keras.optimizers.Adam'>,0.0001,<function elu at 0x000002310C9D2C80>
50,1.201391232,0.746229595,0.063187609,0.981940575,80,40,15,256,30,50,0,he_normal,<class 'keras.optimizers.Adam'>,0.1,<function elu at 0x000002310C9D2C80>
50,1.457512351,0.73553939,0.295800584,0.954133029,100,40,15,64,30,50,0,he_normal,<class 'keras.optimizers.Adam'>,0.1,<function relu at 0x000002310C9D2EA0>
50,1.449444045,0.733720724,0.098276519,0.981194383,80,40,15,256,30,50,0,lecun_uniform,<class 'keras.optimizers.Adam'>,0.1,<function relu at 0x000002310C9D2EA0>
50,1.285244665,0.723207949,0.337433114,0.938740841,80,60,15,64,30,50,0,normal,<class 'keras.optimizers.Adam'>,0.1,<function relu at 0x000002310C9D2EA0>
50,1.081530836,0.72280873,0.255625639,0.934176371,75,60,15,64,30,50,0,normal,<class 'keras.optimizers.Adam'>,0.1,<function relu at 0x000002310C9D2EA0>
50,1.491729535,0.705775373,0.337839439,0.932112437,75,40,20,64,30,50,0,normal,<class 'keras.optimizers.Adam'>,0.1,<function relu at 0x000002310C9D2EA0>
50,4.977756889,0.690117104,0.705747478,0.952847039,80,40,15,256,30,50,0,glorot_normal,<class 'keras.optimizers.Adam'>,0.1,<function elu at 0x000002310C9D2C80>
50,5.28285166,0.672240951,2.289921542,0.857921936,80,50,20,256,30,50,0,he_uniform,<class 'keras.optimizers.Adam'>,0.1,<function elu at 0x000002310C9D2C80>
50,5.437315992,0.66261533,1.320521041,0.90337612,100,60,20,256,30,50,0,he_normal,<class 'keras.optimizers.Adam'>,0.1,<function elu at 0x000002310C9D2C80>
50,5.448722748,0.661949965,2.228484448,0.861740214,100,50,30,64,30,50,0,lecun_uniform,<class 'keras.optimizers.Adam'>,0.1,<function elu at 0x000002310C9D2C80>
50,5.545243866,0.655961675,2.279073609,0.858207711,80,50,15,32,30,50,0,he_uniform,<class 'keras.optimizers.Adam'>,0.1,<function elu at 0x000002310C9D2C80>
50,5.962780184,0.630056778,2.198160577,0.86362157,75,50,20,32,30,50,0,lecun_normal,<class 'keras.optimizers.Adam'>,0.1,<function selu at 0x000002310CE2AB70>
50,1.53123583,0.594082683,0.378368361,0.938463004,100,40,30,64,30,50,0,lecun_normal,<class 'keras.optimizers.Adam'>,0.1,<function relu at 0x000002310C9D2EA0>
50,7.060693,0.56192335,6.069573735,0.623046208,75,60,30,64,30,50,0,lecun_normal,<class 'keras.optimizers.Adam'>,0.1,<function selu at 0x000002310CE2AB70>
50,1.414825718,0.545244855,0.520725982,0.871226374,80,50,20,32,30,50,0,glorot_uniform,<class 'keras.optimizers.Adam'>,0.1,<function relu at 0x000002310C9D2EA0>
50,7.760193778,0.518541519,4.694823868,0.706945139,80,40,20,256,30,50,0,glorot_uniform,<class 'keras.optimizers.Adam'>,0.1,<function selu at 0x000002310CE2AB70>
50,7.808104435,0.515569553,3.117728662,0.806569662,75,50,15,32,30,50,0,he_uniform,<class 'keras.optimizers.Adam'>,0.1,<function selu at 0x000002310CE2AB70>
50,7.9117013,0.509137686,3.084700651,0.808117613,75,60,20,64,30,50,0,he_normal,<class 'keras.optimizers.Adam'>,0.1,<function relu at 0x000002310C9D2EA0>
50,8.100515611,0.497427253,2.116413607,0.865733133,100,60,15,256,30,50,0,he_normal,<class 'keras.optimizers.Adam'>,0.1,<function elu at 0x000002310C9D2C80>
50,8.647461257,0.463493612,7.453538506,0.537559636,100,50,30,256,30,50,0,glorot_normal,<class 'keras.optimizers.Adam'>,0.1,<function elu at 0x000002310C9D2C80>
50,9.175102901,0.43075763,7.254878476,0.549578084,80,50,30,32,30,50,0,normal,<class 'keras.optimizers.Adam'>,0.1,<function elu at 0x000002310C9D2C80>
50,9.175102846,0.43075763,7.494646934,0.534582807,75,40,15,256,30,50,0,lecun_uniform,<class 'keras.optimizers.Adam'>,0.1,<function relu at 0x000002310C9D2EA0>
50,9.175102901,0.43075763,7.39506273,0.540941313,75,40,30,32,30,50,0,he_uniform,<class 'keras.optimizers.Adam'>,0.1,<function selu at 0x000002310CE2AB70>
50,9.175102859,0.43075763,7.491022357,0.534773324,75,50,30,64,30,50,0,glorot_normal,<class 'keras.optimizers.Adam'>,0.1,<function selu at 0x000002310CE2AB70>
50,1.477877921,0.43075763,0.969373547,0.541687504,75,40,20,32,30,50,0,glorot_normal,<class 'keras.optimizers.Adam'>,0.1,<function relu at 0x000002310C9D2EA0>
50,9.175102901,0.43075763,6.797364611,0.578036563,75,60,20,32,30,50,0,glorot_uniform,<class 'keras.optimizers.Adam'>,0.1,<function selu at 0x000002310CE2AB70>
50,1.41839786,0.43075763,0.743320373,0.781286466,100,40,15,32,30,50,0,lecun_normal,<class 'keras.optimizers.Adam'>,0.1,<function relu at 0x000002310C9D2EA0>
50,9.175102859,0.43075763,7.49387204,0.534582807,80,50,15,64,30,50,0,he_normal,<class 'keras.optimizers.Adam'>,0.1,<function selu at 0x000002310CE2AB70>
50,9.175102846,0.43075763,7.484401132,0.534582807,75,60,30,256,30,50,0,he_normal,<class 'keras.optimizers.Adam'>,0.1,<function selu at 0x000002310CE2AB70>
50,9.175102901,0.43075763,6.808533623,0.577377692,80,60,20,32,30,50,0,glorot_uniform,<class 'keras.optimizers.Adam'>,0.1,<function selu at 0x000002310CE2AB70>
50,9.175102901,0.43075763,7.215526255,0.549070039,100,50,30,32,30,50,0,lecun_normal,<class 'keras.optimizers.Adam'>,0.1,<function relu at 0x000002310C9D2EA0>
50,9.175102859,0.43075763,7.499005765,0.534582807,80,60,20,64,30,50,0,he_normal,<class 'keras.optimizers.Adam'>,0.1,<function relu at 0x000002310C9D2EA0>
50,9.175102859,0.43075763,5.53607221,0.65579132,80,50,15,64,30,50,0,he_normal,<class 'keras.optimizers.Adam'>,0.1,<function elu at 0x000002310C9D2C80>
50,9.175102901,0.43075763,6.340780866,0.585982711,75,60,15,32,30,50,0,he_normal,<class 'keras.optimizers.Adam'>,0.1,<function relu at 0x000002310C9D2EA0>
50,9.175102901,0.43075763,5.963661595,0.629611107,100,40,20,32,30,50,0,glorot_uniform,<class 'keras.optimizers.Adam'>,0.1,<function elu at 0x000002310C9D2C80>
50,9.175102859,0.43075763,7.500859693,0.534582807,75,50,30,64,30,50,0,glorot_uniform,<class 'keras.optimizers.Adam'>,0.1,<function relu at 0x000002310C9D2EA0>
50,9.175102901,0.43075763,7.499822949,0.534582807,100,50,15,32,30,50,0,he_normal,<class 'keras.optimizers.Adam'>,0.1,<function selu at 0x000002310CE2AB70>
50,9.175102901,0.43075763,6.931519602,0.569518865,75,40,30,32,30,50,0,lecun_uniform,<class 'keras.optimizers.Adam'>,0.1,<function elu at 0x000002310C9D2C80>
50,1.47015125,0.43075763,0.898626193,0.596127742,75,40,15,32,30,50,0,lecun_uniform,<class 'keras.optimizers.Adam'>,0.1,<function relu at 0x000002310C9D2EA0>
50,9.175102846,0.43075763,7.373090552,0.540655537,80,60,15,256,30,50,0,glorot_normal,<class 'keras.optimizers.Adam'>,0.1,<function selu at 0x000002310CE2AB70>
50,9.175102901,0.43075763,5.565982437,0.654489454,80,60,15,32,30,50,0,he_normal,<class 'keras.optimizers.Adam'>,0.1,<function selu at 0x000002310CE2AB70>
50,9.175102846,0.43075763,7.501638773,0.534582807,75,60,30,256,30,50,0,glorot_normal,<class 'keras.optimizers.Adam'>,0.1,<function selu at 0x000002310CE2AB70>
50,9.175102901,0.43075763,6.802929337,0.577592024,75,40,15,32,30,50,0,lecun_normal,<class 'keras.optimizers.Adam'>,0.1,<function selu at 0x000002310CE2AB70>
50,9.175102901,0.43075763,7.099319957,0.559207132,75,40,15,32,30,50,0,glorot_normal,<class 'keras.optimizers.Adam'>,0.1,<function selu at 0x000002310CE2AB70>
50,9.175102846,0.43075763,7.488586811,0.534582807,80,40,30,256,30,50,0,he_uniform,<class 'keras.optimizers.Adam'>,0.1,<function elu at 0x000002310C9D2C80>
50,10.78591141,0.33081973,10.22637695,0.364578124,100,60,20,256,30,50,0,normal,<class 'keras.optimizers.Adam'>,0.1,<function relu at 0x000002310C9D2EA0>
50,10.78591139,0.33081973,9.588191371,0.404793091,80,40,30,32,30,50,0,he_uniform,<class 'keras.optimizers.Adam'>,0.1,<function relu at 0x000002310C9D2EA0>
50,10.78591138,0.33081973,4.043770372,0.748731871,75,50,20,64,30,50,0,lecun_normal,<class 'keras.optimizers.Adam'>,0.1,<function selu at 0x000002310CE2AB70>
50,10.78591139,0.33081973,10.23885074,0.364578124,75,40,30,32,30,50,0,glorot_normal,<class 'keras.optimizers.Adam'>,0.1,<function relu at 0x000002310C9D2EA0>
50,10.78591138,0.33081973,10.22968016,0.365030602,100,40,20,64,30,50,0,he_uniform,<class 'keras.optimizers.Adam'>,0.1,<function elu at 0x000002310C9D2C80>
50,10.78591138,0.33081973,8.476994331,0.473410969,75,50,15,64,30,50,0,glorot_uniform,<class 'keras.optimizers.Adam'>,0.1,<function selu at 0x000002310CE2AB70>
50,10.78591138,0.33081973,10.2378423,0.364792456,75,40,15,64,30,50,0,he_normal,<class 'keras.optimizers.Adam'>,0.1,<function relu at 0x000002310C9D2EA0>
50,10.78591141,0.33081973,10.19872157,0.366165766,100,40,15,256,30,50,0,glorot_normal,<class 'keras.optimizers.Adam'>,0.1,<function selu at 0x000002310CE2AB70>
50,10.78591139,0.33081973,10.22882737,0.365102046,100,50,30,32,30,50,0,glorot_normal,<class 'keras.optimizers.Adam'>,0.1,<function elu at 0x000002310C9D2C80>
50,10.78591139,0.33081973,10.23463462,0.364713073,100,50,15,32,30,50,0,lecun_uniform,<class 'keras.optimizers.Adam'>,0.1,<function elu at 0x000002310C9D2C80>
50,10.78591141,0.33081973,10.21805563,0.365625967,100,50,30,256,30,50,0,glorot_uniform,<class 'keras.optimizers.Adam'>,0.1,<function selu at 0x000002310CE2AB70>
50,10.78591141,0.33081973,10.21849554,0.364911529,100,40,20,256,30,50,0,lecun_uniform,<class 'keras.optimizers.Adam'>,0.1,<function relu at 0x000002310C9D2EA0>
50,10.78591141,0.33081973,10.08879078,0.371579624,80,60,15,256,30,50,0,lecun_uniform,<class 'keras.optimizers.Adam'>,0.1,<function selu at 0x000002310CE2AB70>
50,10.78591139,0.33081973,6.067376902,0.623339922,100,60,15,32,30,50,0,lecun_normal,<class 'keras.optimizers.Adam'>,0.1,<function selu at 0x000002310CE2AB70>
50,10.78591139,0.33081973,10.23801759,0.364601939,80,50,30,32,30,50,0,glorot_normal,<class 'keras.optimizers.Adam'>,0.1,<function selu at 0x000002310CE2AB70>
50,10.78591138,0.33081973,8.99552866,0.441419987,100,40,30,64,30,50,0,he_uniform,<class 'keras.optimizers.Adam'>,0.1,<function elu at 0x000002310C9D2C80>
50,10.78591141,0.33081973,10.21445617,0.364808332,80,40,30,256,30,50,0,he_normal,<class 'keras.optimizers.Adam'>,0.1,<function relu at 0x000002310C9D2EA0>
50,10.78591141,0.33081973,10.22045179,0.364578124,80,50,20,256,30,50,0,he_normal,<class 'keras.optimizers.Adam'>,0.1,<function selu at 0x000002310CE2AB70>
50,10.78591138,0.33081973,10.22839866,0.364665444,80,40,15,64,30,50,0,glorot_uniform,<class 'keras.optimizers.Adam'>,0.1,<function selu at 0x000002310CE2AB70>
50,10.78591138,0.33081973,10.22448181,0.364792456,80,40,15,64,30,50,0,normal,<class 'keras.optimizers.Adam'>,0.1,<function selu at 0x000002310CE2AB70>
50,10.78591139,0.33081973,5.659311621,0.598421884,80,40,15,32,30,50,0,he_normal,<class 'keras.optimizers.Adam'>,0.1,<function relu at 0x000002310C9D2EA0>
50,10.78591139,0.33081973,10.23998285,0.364578124,100,60,20,32,30,50,0,he_normal,<class 'keras.optimizers.Adam'>,0.1,<function selu at 0x000002310CE2AB70>
50,10.78591141,0.33081973,10.11561155,0.370388893,75,40,15,256,30,50,0,lecun_normal,<class 'keras.optimizers.Adam'>,0.1,<function selu at 0x000002310CE2AB70>
50,10.78591138,0.33081973,9.723069146,0.396140443,80,40,20,64,30,50,0,lecun_uniform,<class 'keras.optimizers.Adam'>,0.1,<function elu at 0x000002310C9D2C80>
50,10.78591141,0.33081973,10.20807094,0.365538647,80,40,15,256,30,50,0,glorot_normal,<class 'keras.optimizers.Adam'>,0.1,<function selu at 0x000002310CE2AB70>
50,10.78591141,0.33081973,10.23292146,0.364990911,80,60,15,256,30,50,0,glorot_normal,<class 'keras.optimizers.Adam'>,0.1,<function relu at 0x000002310C9D2EA0>
50,10.78591141,0.33081973,9.75304838,0.392504743,75,50,15,256,30,50,0,lecun_uniform,<class 'keras.optimizers.Adam'>,0.1,<function elu at 0x000002310C9D2C80>
50,10.78591138,0.33081973,9.862355036,0.387416351,80,50,20,64,30,50,0,lecun_normal,<class 'keras.optimizers.Adam'>,0.1,<function selu at 0x000002310CE2AB70>
50,10.78591139,0.33081973,9.931240487,0.383534567,100,50,30,32,30,50,0,normal,<class 'keras.optimizers.Adam'>,0.1,<function elu at 0x000002310C9D2C80>
50,10.78591139,0.33081973,10.22407721,0.365403698,100,50,20,32,30,50,0,he_normal,<class 'keras.optimizers.Adam'>,0.1,<function selu at 0x000002310CE2AB70>
50,10.78591139,0.33081973,7.904261933,0.509061466,100,40,15,32,30,50,0,he_uniform,<class 'keras.optimizers.Adam'>,0.1,<function selu at 0x000002310CE2AB70>
50,10.78591138,0.33081973,8.918104345,0.446286109,100,60,20,64,30,50,0,glorot_normal,<class 'keras.optimizers.Adam'>,0.1,<function selu at 0x000002310CE2AB70>
50,10.78591139,0.33081973,10.11200658,0.372103546,75,40,20,32,30,50,0,glorot_uniform,<class 'keras.optimizers.Adam'>,0.1,<function selu at 0x000002310CE2AB70>
50,10.78591138,0.33081973,3.081059859,0.75826566,75,50,15,64,30,50,0,normal,<class 'keras.optimizers.Adam'>,0.1,<function elu at 0x000002310C9D2C80>
50,14.38717311,0.107389993,12.26218404,0.238836894,75,40,15,32,30,50,0,he_normal,<class 'keras.optimizers.Adam'>,0.1,<function relu at 0x000002310C9D2EA0>
50,14.38717311,0.107389993,14.61787769,0.09290086,80,40,20,32,30,50,0,lecun_normal,<class 'keras.optimizers.Adam'>,0.1,<function relu at 0x000002310C9D2EA0>
50,14.38717312,0.107389993,14.60829756,0.093234264,75,50,20,64,30,50,0,he_uniform,<class 'keras.optimizers.Adam'>,0.1,<function selu at 0x000002310CE2AB70>
50,14.38717311,0.107389993,14.40539274,0.105808388,75,50,15,32,30,50,0,lecun_normal,<class 'keras.optimizers.Adam'>,0.1,<function selu at 0x000002310CE2AB70>
50,1.388762656,0.79706352,0.003976256,0.998785454,100,60,15,64,30,50,0,glorot_normal,<class 'keras.optimizers.Adam'>,0.0001,<keras.layers.advanced_activations.LeakyReLU object at 0x7f3552031630>
50,1.716287678,0.791784954,0.004040831,0.998658443,75,50,15,256,30,50,0,he_uniform,<class 'keras.optimizers.Adam'>,0.01,<keras.layers.advanced_activations.LeakyReLU object at 0x7f3552031630>
50,1.150777008,0.786550745,0.004252009,0.998721948,100,50,15,64,30,50,0,lecun_normal,<class 'keras.optimizers.Adam'>,0.0001,<keras.layers.advanced_activations.LeakyReLU object at 0x7f3552031630>
50,9.175105244,0.43075763,7.496340703,0.534582807,100,50,20,256,30,50,0,he_uniform,<class 'keras.optimizers.Adam'>,0.1,<keras.layers.advanced_activations.LeakyReLU object at 0x7f3552031630>
50,1.328537159,0.778122782,0.003706131,0.998745763,100,40,15,256,30,50,0,normal,<class 'keras.optimizers.Adam'>,0.001,<keras.layers.advanced_activations.LeakyReLU object at 0x7f3552031630>
50,1.801965256,0.808507807,0.004212703,0.998666381,100,60,30,256,30,50,0,lecun_uniform,<class 'keras.optimizers.Adam'>,0.01,<keras.layers.advanced_activations.LeakyReLU object at 0x7f3552031630>
50,1.575605031,0.768630234,0.002566072,0.998983909,75,40,30,64,30,50,0,glorot_uniform,<class 'keras.optimizers.Adam'>,0.001,<keras.layers.advanced_activations.LeakyReLU object at 0x7f3552031630>
50,1.727049338,0.793958481,0.002857442,0.998991847,100,60,15,32,30,50,0,normal,<class 'keras.optimizers.Adam'>,0.001,<keras.layers.advanced_activations.LeakyReLU object at 0x7f3552031630>
50,1.575922247,0.822613556,0.002636331,0.999039477,80,60,15,32,30,50,0,glorot_uniform,<class 'keras.optimizers.Adam'>,0.001,<keras.layers.advanced_activations.LeakyReLU object at 0x7f3552031630>
50,1.343866901,0.787216111,0.003575753,0.998856898,80,40,20,32,30,50,0,glorot_uniform,<class 'keras.optimizers.Adam'>,0.0001,<keras.layers.advanced_activations.LeakyReLU object at 0x7f3552031630>
50,1.816028867,0.815427608,0.00412722,0.998698134,75,60,15,256,30,50,0,he_uniform,<class 'keras.optimizers.Adam'>,0.01,<keras.layers.advanced_activations.LeakyReLU object at 0x7f3552031630>
50,1.7303687,0.80651171,0.007641408,0.998332976,100,60,30,64,30,50,0,normal,<class 'keras.optimizers.Adam'>,0.01,<keras.layers.advanced_activations.LeakyReLU object at 0x7f3552031630>
50,1.76534771,0.810459546,0.002765842,0.998975971,100,40,30,32,30,50,0,normal,<class 'keras.optimizers.Adam'>,0.001,<keras.layers.advanced_activations.LeakyReLU object at 0x7f3552031630>
50,1.513068607,0.807354507,0.002814548,0.999031539,80,50,30,64,30,50,0,normal,<class 'keras.optimizers.Adam'>,0.001,<keras.layers.advanced_activations.LeakyReLU object at 0x7f3552031630>
50,9.17510287,0.43075763,7.499297207,0.534582807,80,60,30,64,30,50,0,lecun_normal,<class 'keras.optimizers.Adam'>,0.1,<keras.layers.advanced_activations.LeakyReLU object at 0x7f3552031630>
50,10.78591463,0.33081973,10.21804014,0.365189366,100,50,15,256,30,50,0,glorot_uniform,<class 'keras.optimizers.Adam'>,0.1,<keras.layers.advanced_activations.LeakyReLU object at 0x7f3552031630>
50,10.7859114,0.33081973,10.23886152,0.364578124,100,40,20,32,30,50,0,he_uniform,<class 'keras.optimizers.Adam'>,0.1,<keras.layers.advanced_activations.LeakyReLU object at 0x7f3552031630>
50,1.867665662,0.805801987,0.006746076,0.998332976,80,50,20,64,30,50,0,lecun_uniform,<class 'keras.optimizers.Adam'>,0.01,<keras.layers.advanced_activations.LeakyReLU object at 0x7f3552031630>
50,9.17510287,0.43075763,7.501638758,0.534582807,75,50,30,64,30,50,0,he_uniform,<class 'keras.optimizers.Adam'>,0.1,<keras.layers.advanced_activations.LeakyReLU object at 0x7f3552031630>
50,1.852095589,0.790764727,0.013434047,0.997412144,80,60,20,32,30,50,0,he_normal,<class 'keras.optimizers.Adam'>,0.01,<keras.layers.advanced_activations.LeakyReLU object at 0x7f3552031630>
50,1.900383933,0.800833925,0.002587824,0.99907123,100,50,15,64,30,50,0,he_uniform,<class 'keras.optimizers.Adam'>,0.001,<keras.layers.advanced_activations.LeakyReLU object at 0x7f3552031630>
50,1.496148315,0.801321859,0.002492034,0.999095044,80,60,30,64,30,50,0,lecun_uniform,<class 'keras.optimizers.Adam'>,0.001,<keras.layers.advanced_activations.LeakyReLU object at 0x7f3552031630>
50,1.258814448,0.796930447,0.003469597,0.998833083,100,60,20,256,30,50,0,normal,<class 'keras.optimizers.Adam'>,0.001,<keras.layers.advanced_activations.LeakyReLU object at 0x7f3552031630>
50,1.453215498,0.801987225,0.004238451,0.998634628,80,40,20,256,30,50,0,glorot_uniform,<class 'keras.optimizers.Adam'>,0.01,<keras.layers.advanced_activations.LeakyReLU object at 0x7f3552031630>
50,9.17510288,0.43075763,7.501638778,0.534582807,100,50,15,32,30,50,0,glorot_uniform,<class 'keras.optimizers.Adam'>,0.1,<keras.layers.advanced_activations.LeakyReLU object at 0x7f3552031630>
50,1.247367616,0.803007452,0.003075772,0.998983909,100,40,15,256,30,50,0,glorot_normal,<class 'keras.optimizers.Adam'>,0.001,<keras.layers.advanced_activations.LeakyReLU object at 0x7f3552031630>
50,0.925931659,0.774929028,0.008878959,0.997531217,100,40,20,256,30,50,0,lecun_uniform,<class 'keras.optimizers.Adam'>,0.0001,<keras.layers.advanced_activations.LeakyReLU object at 0x7f3552031630>
50,10.7859114,0.33081973,10.24017208,0.364578124,100,60,20,32,30,50,0,glorot_normal,<class 'keras.optimizers.Adam'>,0.1,<keras.layers.advanced_activations.LeakyReLU object at 0x7f3552031630>
50,1.388349038,0.797906317,0.003942733,0.998674319,75,50,15,32,30,50,0,glorot_uniform,<class 'keras.optimizers.Adam'>,0.0001,<keras.layers.advanced_activations.LeakyReLU object at 0x7f3552031630>
50,1.437567015,0.801809794,0.002626623,0.999063291,100,50,30,64,30,50,0,glorot_uniform,<class 'keras.optimizers.Adam'>,0.001,<keras.layers.advanced_activations.LeakyReLU object at 0x7f3552031630>
50,1.713105923,0.803096167,0.003075723,0.999007724,80,40,15,32,30,50,0,lecun_normal,<class 'keras.optimizers.Adam'>,0.001,<keras.layers.advanced_activations.LeakyReLU object at 0x7f3552031630>
50,1.59371732,0.799059617,0.002382449,0.999087106,100,40,30,64,30,50,0,he_normal,<class 'keras.optimizers.Adam'>,0.001,<keras.layers.advanced_activations.LeakyReLU object at 0x7f3552031630>
50,9.175105244,0.43075763,7.498229811,0.534582807,80,50,20,256,30,50,0,glorot_normal,<class 'keras.optimizers.Adam'>,0.1,<keras.layers.advanced_activations.LeakyReLU object at 0x7f3552031630>
50,1.225993024,0.799858055,0.003214386,0.99893628,80,50,30,32,30,50,0,lecun_uniform,<class 'keras.optimizers.Adam'>,0.0001,<keras.layers.advanced_activations.LeakyReLU object at 0x7f3552031630>
50,1.554120597,0.800168559,0.002686098,0.999015662,100,50,30,256,30,50,0,he_uniform,<class 'keras.optimizers.Adam'>,0.001,<keras.layers.advanced_activations.LeakyReLU object at 0x7f3552031630>
50,9.17510287,0.43075763,7.500625397,0.534582807,80,60,30,64,30,50,0,he_uniform,<class 'keras.optimizers.Adam'>,0.1,<keras.layers.advanced_activations.LeakyReLU object at 0x7f3552031630>
50,10.7859114,0.33081973,10.23816971,0.364617815,80,50,20,32,30,50,0,glorot_normal,<class 'keras.optimizers.Adam'>,0.1,<keras.layers.advanced_activations.LeakyReLU object at 0x7f3552031630>
50,1.437385203,0.798527324,0.004187857,0.998690196,100,40,20,64,30,50,0,he_normal,<class 'keras.optimizers.Adam'>,0.0001,<keras.layers.advanced_activations.LeakyReLU object at 0x7f3552031630>
50,1.859494667,0.811967708,0.007916796,0.998229779,100,60,20,64,30,50,0,normal,<class 'keras.optimizers.Adam'>,0.01,<keras.layers.advanced_activations.LeakyReLU object at 0x7f3552031630>
50,1.81846029,0.821105394,0.005425512,0.998467926,100,40,20,64,30,50,0,he_uniform,<class 'keras.optimizers.Adam'>,0.01,<keras.layers.advanced_activations.LeakyReLU object at 0x7f3552031630>
50,1.268067188,0.796087651,0.003480101,0.998817207,80,40,20,32,30,50,0,lecun_uniform,<class 'keras.optimizers.Adam'>,0.0001,<keras.layers.advanced_activations.LeakyReLU object at 0x7f3552031630>
50,1.228227839,0.796841732,0.005327992,0.9983171,75,40,15,64,30,50,0,glorot_normal,<class 'keras.optimizers.Adam'>,0.0001,<keras.layers.advanced_activations.LeakyReLU object at 0x7f3552031630>
50,1.156664573,0.799237048,0.00812415,0.997753487,75,50,30,256,30,50,0,glorot_uniform,<class 'keras.optimizers.Adam'>,0.0001,<keras.layers.advanced_activations.LeakyReLU object at 0x7f3552031630>
50,10.78591139,0.33081973,10.24091779,0.364578124,80,50,20,64,30,50,0,he_normal,<class 'keras.optimizers.Adam'>,0.1,<keras.layers.advanced_activations.LeakyReLU object at 0x7f3552031630>
50,1.804918024,0.811080554,0.010630289,0.9973407,100,50,20,32,30,50,0,he_uniform,<class 'keras.optimizers.Adam'>,0.01,<keras.layers.advanced_activations.LeakyReLU object at 0x7f3552031630>
50,1.494855843,0.805269695,0.002534171,0.999110921,75,50,30,64,30,50,0,lecun_uniform,<class 'keras.optimizers.Adam'>,0.001,<keras.layers.advanced_activations.LeakyReLU object at 0x7f3552031630>
50,1.476702569,0.791297019,0.00303064,0.999031539,100,50,30,32,30,50,0,he_uniform,<class 'keras.optimizers.Adam'>,0.0001,<keras.layers.advanced_activations.LeakyReLU object at 0x7f3552031630>
50,1.28216861,0.798394251,0.003058545,0.998968033,75,60,20,256,30,50,0,he_uniform,<class 'keras.optimizers.Adam'>,0.001,<keras.layers.advanced_activations.LeakyReLU object at 0x7f3552031630>
50,1.511677579,0.813387154,0.002903967,0.998999786,80,50,15,64,30,50,0,he_uniform,<class 'keras.optimizers.Adam'>,0.001,<keras.layers.advanced_activations.LeakyReLU object at 0x7f3552031630>
50,10.78591139,0.33081973,10.2355316,0.364578124,75,40,20,64,30,50,0,lecun_uniform,<class 'keras.optimizers.Adam'>,0.1,<keras.layers.advanced_activations.LeakyReLU object at 0x7f3552031630>
50,9.17510288,0.43075763,7.500959408,0.534582807,75,40,20,32,30,50,0,lecun_uniform,<class 'keras.optimizers.Adam'>,0.1,<keras.layers.advanced_activations.LeakyReLU object at 0x7f3552031630>
50,14.38717311,0.107389993,14.62145857,0.092702404,75,40,30,32,30,50,0,he_uniform,<class 'keras.optimizers.Adam'>,0.1,<keras.layers.advanced_activations.LeakyReLU object at 0x7f3552031630>
50,1.472428977,0.813742016,0.007759784,0.998213903,80,40,30,64,30,50,0,normal,<class 'keras.optimizers.Adam'>,0.01,<keras.layers.advanced_activations.LeakyReLU object at 0x7f3552031630>
50,10.78591139,0.33081973,10.23858592,0.364721012,100,50,30,64,30,50,0,glorot_normal,<class 'keras.optimizers.Adam'>,0.1,<keras.layers.advanced_activations.LeakyReLU object at 0x7f3552031630>
50,1.333708602,0.795422285,0.003711548,0.99880133,80,50,30,32,30,50,0,glorot_uniform,<class 'keras.optimizers.Adam'>,0.0001,<keras.layers.advanced_activations.LeakyReLU object at 0x7f3552031630>
50,1.853821843,0.820573101,0.004248707,0.998658443,75,40,15,256,30,50,0,he_normal,<class 'keras.optimizers.Adam'>,0.01,<keras.layers.advanced_activations.LeakyReLU object at 0x7f3552031630>
50,1.713573494,0.81037083,0.00924732,0.997896375,80,50,15,32,30,50,0,glorot_normal,<class 'keras.optimizers.Adam'>,0.01,<keras.layers.advanced_activations.LeakyReLU object at 0x7f3552031630>
50,1.866162425,0.805535841,0.004140779,0.998721948,80,50,15,256,30,50,0,glorot_uniform,<class 'keras.optimizers.Adam'>,0.01,<keras.layers.advanced_activations.LeakyReLU object at 0x7f3552031630>
50,9.17510287,0.43075763,6.130531277,0.61528264,100,50,20,64,30,50,0,normal,<class 'keras.optimizers.Adam'>,0.1,<keras.layers.advanced_activations.LeakyReLU object at 0x7f3552031630>
50,1.322110978,0.806600426,0.002832538,0.999007724,75,60,30,32,30,50,0,lecun_normal,<class 'keras.optimizers.Adam'>,0.001,<keras.layers.advanced_activations.LeakyReLU object at 0x7f3552031630>
50,9.17510288,0.43075763,7.501353057,0.534582807,100,50,15,32,30,50,0,he_normal,<class 'keras.optimizers.Adam'>,0.1,<keras.layers.advanced_activations.LeakyReLU object at 0x7f3552031630>
50,1.303379799,0.795023066,0.003162448,0.998960095,100,40,30,256,30,50,0,glorot_normal,<class 'keras.optimizers.Adam'>,0.001,<keras.layers.advanced_activations.LeakyReLU object at 0x7f3552031630>
50,1.384985009,0.818843151,0.004139622,0.998690196,80,60,30,64,30,50,0,glorot_uniform,<class 'keras.optimizers.Adam'>,0.0001,<keras.layers.advanced_activations.LeakyReLU object at 0x7f3552031630>
50,1.449746483,0.817556778,0.005036233,0.998579061,80,60,20,256,30,50,0,lecun_uniform,<class 'keras.optimizers.Adam'>,0.01,<keras.layers.advanced_activations.LeakyReLU object at 0x7f3552031630>
50,9.17510287,0.43075763,7.498584424,0.534582807,100,40,30,64,30,50,0,he_uniform,<class 'keras.optimizers.Adam'>,0.1,<keras.layers.advanced_activations.LeakyReLU object at 0x7f3552031630>
50,1.148341687,0.778655075,0.008912443,0.997634414,75,60,20,256,30,50,0,glorot_uniform,<class 'keras.optimizers.Adam'>,0.0001,<keras.layers.advanced_activations.LeakyReLU object at 0x7f3552031630>
50,1.929414383,0.819153655,0.012847452,0.997396267,80,40,20,32,30,50,0,lecun_normal,<class 'keras.optimizers.Adam'>,0.01,<keras.layers.advanced_activations.LeakyReLU object at 0x7f3552031630>
50,9.17510288,0.43075763,7.500479014,0.53461456,75,50,15,32,30,50,0,lecun_normal,<class 'keras.optimizers.Adam'>,0.1,<keras.layers.advanced_activations.LeakyReLU object at 0x7f3552031630>
50,1.668261147,0.802563875,0.009817138,0.997991633,75,60,15,32,30,50,0,glorot_normal,<class 'keras.optimizers.Adam'>,0.01,<keras.layers.advanced_activations.LeakyReLU object at 0x7f3552031630>
50,1.85635327,0.812145138,0.01227931,0.997046986,75,50,30,32,30,50,0,glorot_normal,<class 'keras.optimizers.Adam'>,0.01,<keras.layers.advanced_activations.LeakyReLU object at 0x7f3552031630>
50,1.236015301,0.765880057,0.00462697,0.998499679,75,60,20,64,30,50,0,lecun_uniform,<class 'keras.optimizers.Adam'>,0.0001,<keras.layers.advanced_activations.LeakyReLU object at 0x7f3552031630>
50,1.146652732,0.786062811,0.003111657,0.998968033,100,40,30,256,30,50,0,lecun_uniform,<class 'keras.optimizers.Adam'>,0.001,<keras.layers.advanced_activations.LeakyReLU object at 0x7f3552031630>
50,13.15743932,0.183685238,6.772333107,0.576782326,100,50,20,64,30,50,0,glorot_uniform,<class 'keras.optimizers.Adam'>,0.1,<keras.layers.advanced_activations.LeakyReLU object at 0x7f3552031630>
50,10.78591463,0.33081973,10.21756368,0.364879776,75,40,30,256,30,50,0,lecun_normal,<class 'keras.optimizers.Adam'>,0.1,<keras.layers.advanced_activations.LeakyReLU object at 0x7f3552031630>
50,1.562969,0.823766856,0.004905078,0.998555246,75,60,30,256,30,50,0,he_uniform,<class 'keras.optimizers.Adam'>,0.01,<keras.layers.advanced_activations.LeakyReLU object at 0x7f3552031630>
50,0.9915527,0.793825408,0.004068948,0.998777516,80,40,15,32,30,50,0,lecun_uniform,<class 'keras.optimizers.Adam'>,0.0001,<keras.layers.advanced_activations.LeakyReLU object at 0x7f3552031630>
50,1.319185625,0.800257275,0.003645137,0.998769578,75,40,20,32,30,50,0,lecun_uniform,<class 'keras.optimizers.Adam'>,0.0001,<keras.layers.advanced_activations.LeakyReLU object at 0x7f3552031630>
50,1.069265329,0.77603797,0.010936755,0.996975542,80,60,20,256,30,50,0,normal,<class 'keras.optimizers.Adam'>,0.0001,<keras.layers.advanced_activations.LeakyReLU object at 0x7f3552031630>
50,1.409504695,0.791563165,0.004726076,0.998444111,75,60,15,64,30,50,0,glorot_uniform,<class 'keras.optimizers.Adam'>,0.0001,<keras.layers.advanced_activations.LeakyReLU object at 0x7f3552031630>
50,14.38717816,0.107389993,14.59887173,0.093805816,100,60,30,256,30,50,0,lecun_uniform,<class 'keras.optimizers.Adam'>,0.1,<keras.layers.advanced_activations.LeakyReLU object at 0x7f3552031630>
50,9.17510287,0.43075763,7.501638761,0.534582807,75,40,20,64,30,50,0,he_uniform,<class 'keras.optimizers.Adam'>,0.1,<keras.layers.advanced_activations.LeakyReLU object at 0x7f3552031630>
50,1.956309914,0.811612846,0.00416584,0.998666381,80,50,15,256,30,50,0,lecun_normal,<class 'keras.optimizers.Adam'>,0.01,<keras.layers.advanced_activations.LeakyReLU object at 0x7f3552031630>
50,1.283801748,0.794801278,0.009673558,0.998579061,75,60,15,256,30,50,0,glorot_uniform,<class 'keras.optimizers.Adam'>,0.001,<keras.layers.advanced_activations.LeakyReLU object at 0x7f3552031630>
50,1.908776408,0.813564585,0.004601985,0.998563184,100,40,15,256,30,50,0,he_uniform,<class 'keras.optimizers.Adam'>,0.01,<keras.layers.advanced_activations.LeakyReLU object at 0x7f3552031630>
50,1.580596017,0.811080554,0.007355722,0.998229779,100,40,30,64,30,50,0,normal,<class 'keras.optimizers.Adam'>,0.01,<keras.layers.advanced_activations.LeakyReLU object at 0x7f3552031630>
50,1.205427744,0.781715756,0.003376157,0.998793392,100,40,15,32,30,50,0,lecun_normal,<class 'keras.optimizers.Adam'>,0.0001,<keras.layers.advanced_activations.LeakyReLU object at 0x7f3552031630>
50,1.78951804,0.798128105,0.006472445,0.998245656,100,60,30,64,30,50,0,he_uniform,<class 'keras.optimizers.Adam'>,0.01,<keras.layers.advanced_activations.LeakyReLU object at 0x7f3552031630>
50,1.524080506,0.821460256,0.006901375,0.998237718,100,60,30,64,30,50,0,lecun_uniform,<class 'keras.optimizers.Adam'>,0.01,<keras.layers.advanced_activations.LeakyReLU object at 0x7f3552031630>
50,1.710573058,0.792494677,0.002686656,0.999047415,100,50,20,64,30,50,0,glorot_uniform,<class 'keras.optimizers.Adam'>,0.001,<keras.layers.advanced_activations.LeakyReLU object at 0x7f3552031630>
50,1.286974143,0.810104684,0.00327082,0.998975971,80,50,30,32,30,50,0,he_normal,<class 'keras.optimizers.Adam'>,0.0001,<keras.layers.advanced_activations.LeakyReLU object at 0x7f3552031630>
50,1.178531896,0.794579489,0.003640099,0.998761639,100,50,30,32,30,50,0,normal,<class 'keras.optimizers.Adam'>,0.0001,<keras.layers.advanced_activations.LeakyReLU object at 0x7f3552031630>
50,1.258440822,0.808862669,0.00296029,0.99893628,80,40,30,256,30,50,0,he_normal,<class 'keras.optimizers.Adam'>,0.001,<keras.layers.advanced_activations.LeakyReLU object at 0x7f3552031630>
50,1.578167634,0.809572392,0.002641627,0.999063291,75,50,20,64,30,50,0,lecun_uniform,<class 'keras.optimizers.Adam'>,0.001,<keras.layers.advanced_activations.LeakyReLU object at 0x7f3552031630>
50,1.756157979,0.8136533,0.005813423,0.998364729,75,40,20,64,30,50,0,he_uniform,<class 'keras.optimizers.Adam'>,0.01,<keras.layers.advanced_activations.LeakyReLU object at 0x7f3552031630>
50,1.371692682,0.788635557,0.00342063,0.998864836,75,60,20,256,30,50,0,normal,<class 'keras.optimizers.Adam'>,0.001,<keras.layers.advanced_activations.LeakyReLU object at 0x7f3552031630>
50,0.988175753,0.810858765,0.003889491,0.998737825,80,60,15,32,30,50,0,he_uniform,<class 'keras.optimizers.Adam'>,0.0001,<keras.layers.advanced_activations.LeakyReLU object at 0x7f3552031630>
50,2.027046461,0.743612491,0.051754616,0.988251451,80,60,30,256,30,50,0,lecun_normal,<class 'keras.optimizers.Adam'>,0.1,<keras.layers.advanced_activations.LeakyReLU object at 0x7f3552031630>
50,10.7859114,0.33081973,10.23912726,0.364578124,80,50,30,32,30,50,0,he_uniform,<class 'keras.optimizers.Adam'>,0.1,<keras.layers.advanced_activations.LeakyReLU object at 0x7f3552031630>
50,1.570985938,0.803451029,0.002747282,0.998999786,100,40,30,32,30,50,0,he_normal,<class 'keras.optimizers.Adam'>,0.001,<keras.layers.advanced_activations.LeakyReLU object at 0x7f3552031630>
50,5.972789642,0.62943577,3.564282662,0.776166321,75,60,30,64,30,50,0,normal,<class 'keras.optimizers.Adam'>,0.1,<keras.layers.advanced_activations.LeakyReLU object at 0x7f3552031630>
50,1.998368797,0.810237757,0.004698496,0.998602875,80,60,15,256,30,50,0,glorot_normal,<class 'keras.optimizers.Adam'>,0.01,<keras.layers.advanced_activations.LeakyReLU object at 0x7f3552031630>
50,14.38717816,0.107389993,13.83599577,0.139799798,80,40,15,256,30,50,0,he_normal,<class 'keras.optimizers.Adam'>,0.1,<keras.layers.advanced_activations.LeakyReLU object at 0x7f3552031630>
50,9.175105244,0.43075763,7.50164035,0.534582807,80,60,20,256,30,50,0,glorot_uniform,<class 'keras.optimizers.Adam'>,0.1,<keras.layers.advanced_activations.LeakyReLU object at 0x7f3552031630>
50,1.464075925,0.790676011,0.003729414,0.998833083,80,50,20,32,30,50,0,glorot_uniform,<class 'keras.optimizers.Adam'>,0.0001,<keras.layers.advanced_activations.LeakyReLU object at 0x7f3552031630>
50,2.03653523,0.808729595,0.007909894,0.997983695,100,50,15,32,30,50,0,he_uniform,<class 'keras.optimizers.Adam'>,0.01,<keras.layers.advanced_activations.LeakyReLU object at 0x7f3552031630>
50,1.096993079,0.765125976,0.00370278,0.998825145,100,60,15,64,30,50,0,he_uniform,<class 'keras.optimizers.Adam'>,0.0001,<keras.layers.advanced_activations.LeakyReLU object at 0x7f3552031630>
50,1.358518833,0.781804471,0.002772503,0.9990236,100,50,30,256,30,50,0,glorot_normal,<class 'keras.optimizers.Adam'>,0.001,<keras.layers.advanced_activations.LeakyReLU object at 0x7f3552031630>
50,1.155405851,0.795244855,0.003353395,0.998896589,100,50,20,32,30,50,0,lecun_normal,<class 'keras.optimizers.Adam'>,0.0001,<keras.layers.advanced_activations.LeakyReLU object at 0x7f3552031630>
50,9.17510288,0.43075763,7.501638773,0.534582807,75,60,15,32,30,50,0,lecun_normal,<class 'keras.optimizers.Adam'>,0.1,<keras.layers.advanced_activations.LeakyReLU object at 0x7f3552031630>
50,1.270741934,0.807221434,0.004347778,0.998721948,80,60,15,64,30,50,0,lecun_normal,<class 'keras.optimizers.Adam'>,0.0001,<keras.layers.advanced_activations.LeakyReLU object at 0x7f3552031630>
50,10.78591463,0.33081973,10.22376591,0.364578124,75,60,30,256,30,50,0,he_normal,<class 'keras.optimizers.Adam'>,0.1,<keras.layers.advanced_activations.LeakyReLU object at 0x7f3552031630>
50,1.156543547,0.806600426,0.003338366,0.998864836,75,50,30,256,30,50,0,glorot_normal,<class 'keras.optimizers.Adam'>,0.001,<keras.layers.advanced_activations.LeakyReLU object at 0x7f3552031630>
50,1.089958289,0.796442512,0.005181294,0.998507617,80,40,15,64,30,50,0,lecun_normal,<class 'keras.optimizers.Adam'>,0.0001,<keras.layers.advanced_activations.LeakyReLU object at 0x7f3552031630>
50,1.531605457,0.809173172,0.005853491,0.998555246,80,50,15,256,30,50,0,lecun_uniform,<class 'keras.optimizers.Adam'>,0.01,<class 'keras.layers.advanced_activations.PReLU'>
50,0.984927714,0.794801278,0.010141822,0.997332762,80,60,20,256,30,50,0,glorot_uniform,<class 'keras.optimizers.Adam'>,0.0001,<class 'keras.layers.advanced_activations.PReLU'>
50,10.78591139,0.33081973,10.22875657,0.365102046,100,40,20,64,30,50,0,lecun_uniform,<class 'keras.optimizers.Adam'>,0.1,<class 'keras.layers.advanced_activations.PReLU'>
50,1.781353993,0.821992548,0.004749548,0.998650504,80,50,20,256,30,50,0,lecun_normal,<class 'keras.optimizers.Adam'>,0.01,<class 'keras.layers.advanced_activations.PReLU'>
50,1.574964041,0.813387154,0.00620631,0.99853937,100,40,30,256,30,50,0,normal,<class 'keras.optimizers.Adam'>,0.01,<class 'keras.layers.advanced_activations.PReLU'>
50,1.045422125,0.782691625,0.010433018,0.997015233,80,60,30,256,30,50,0,glorot_normal,<class 'keras.optimizers.Adam'>,0.0001,<class 'keras.layers.advanced_activations.PReLU'>
50,1.842707178,0.820129524,0.006115268,0.998412358,80,50,30,256,30,50,0,glorot_normal,<class 'keras.optimizers.Adam'>,0.01,<class 'keras.layers.advanced_activations.PReLU'>
50,1.650737447,0.798749113,0.003380935,0.998880713,75,60,30,64,30,50,0,he_normal,<class 'keras.optimizers.Adam'>,0.001,<class 'keras.layers.advanced_activations.PReLU'>
50,1.546169587,0.817601136,0.006223778,0.998348853,100,60,20,256,30,50,0,he_uniform,<class 'keras.optimizers.Adam'>,0.01,<class 'keras.layers.advanced_activations.PReLU'>
50,1.271624543,0.7943577,0.005029274,0.998515555,75,50,30,32,30,50,0,lecun_normal,<class 'keras.optimizers.Adam'>,0.0001,<class 'keras.layers.advanced_activations.PReLU'>
50,2.471341553,0.798793471,0.024394338,0.995729244,80,60,20,32,30,50,0,normal,<class 'keras.optimizers.Adam'>,0.01,<class 'keras.layers.advanced_activations.PReLU'>
50,1.729414075,0.800434705,0.003632581,0.998912465,75,60,20,32,30,50,0,he_uniform,<class 'keras.optimizers.Adam'>,0.001,<class 'keras.layers.advanced_activations.PReLU'>
50,7.873872711,0.511488644,3.129499948,0.805839347,100,50,20,32,30,50,0,lecun_uniform,<class 'keras.optimizers.Adam'>,0.1,<class 'keras.layers.advanced_activations.PReLU'>
50,10.78591463,0.33081973,10.21886438,0.364578124,100,60,30,256,30,50,0,he_normal,<class 'keras.optimizers.Adam'>,0.1,<class 'keras.layers.advanced_activations.PReLU'>
50,1.675570815,0.807531938,0.003323227,0.998872774,80,50,20,64,30,50,0,glorot_uniform,<class 'keras.optimizers.Adam'>,0.001,<class 'keras.layers.advanced_activations.PReLU'>
50,1.821444718,0.815738112,0.019038454,0.995999143,80,40,30,32,30,50,0,normal,<class 'keras.optimizers.Adam'>,0.01,<class 'keras.layers.advanced_activations.PReLU'>
50,1.642843084,0.795821505,0.003469827,0.998912465,80,60,30,64,30,50,0,glorot_normal,<class 'keras.optimizers.Adam'>,0.001,<class 'keras.layers.advanced_activations.PReLU'>
50,1.443071069,0.81037083,0.00341663,0.998896589,80,60,20,64,30,50,0,glorot_uniform,<class 'keras.optimizers.Adam'>,0.001,<class 'keras.layers.advanced_activations.PReLU'>
50,9.17510287,0.43075763,7.465343179,0.536535607,100,60,30,64,30,50,0,lecun_uniform,<class 'keras.optimizers.Adam'>,0.1,<class 'keras.layers.advanced_activations.PReLU'>
50,1.641388127,0.79821682,0.003328638,0.998833083,75,60,20,32,30,50,0,he_normal,<class 'keras.optimizers.Adam'>,0.001,<class 'keras.layers.advanced_activations.PReLU'>
50,1.156415491,0.779764017,0.003145268,0.998991847,80,40,30,256,30,50,0,glorot_normal,<class 'keras.optimizers.Adam'>,0.001,<class 'keras.layers.advanced_activations.PReLU'>
50,1.095781404,0.805136622,0.003700289,0.998833083,75,60,30,256,30,50,0,glorot_normal,<class 'keras.optimizers.Adam'>,0.001,<class 'keras.layers.advanced_activations.PReLU'>
50,0.847426695,0.795998935,0.005757889,0.998205965,75,40,30,64,30,50,0,he_uniform,<class 'keras.optimizers.Adam'>,0.0001,<class 'keras.layers.advanced_activations.PReLU'>
50,14.38717816,0.107389993,14.59016736,0.094075715,80,40,15,256,30,50,0,lecun_uniform,<class 'keras.optimizers.Adam'>,0.1,<class 'keras.layers.advanced_activations.PReLU'>
50,1.898,0.809040099,0.005640605,0.998610813,80,50,30,256,30,50,0,lecun_normal,<class 'keras.optimizers.Adam'>,0.01,<class 'keras.layers.advanced_activations.PReLU'>
50,1.617110945,0.795067424,0.003510662,0.998896589,75,40,30,64,30,50,0,he_normal,<class 'keras.optimizers.Adam'>,0.001,<class 'keras.layers.advanced_activations.PReLU'>
50,1.832270937,0.823367637,0.011882953,0.997515341,75,50,30,64,30,50,0,lecun_normal,<class 'keras.optimizers.Adam'>,0.01,<class 'keras.layers.advanced_activations.PReLU'>
50,10.78591139,0.33081973,10.23387369,0.364681321,100,50,20,64,30,50,0,glorot_normal,<class 'keras.optimizers.Adam'>,0.1,<class 'keras.layers.advanced_activations.PReLU'>
50,10.78591139,0.33081973,10.23223595,0.364713073,75,50,30,64,30,50,0,lecun_uniform,<class 'keras.optimizers.Adam'>,0.1,<class 'keras.layers.advanced_activations.PReLU'>
50,1.01455395,0.75829489,0.010912075,0.997142245,75,40,15,256,30,50,0,he_normal,<class 'keras.optimizers.Adam'>,0.0001,<class 'keras.layers.advanced_activations.PReLU'>
50,1.278075737,0.786018453,0.004855398,0.998499679,100,40,15,64,30,50,0,glorot_normal,<class 'keras.optimizers.Adam'>,0.0001,<class 'keras.layers.advanced_activations.PReLU'>
50,1.23943555,0.797995032,0.003550281,0.998833083,80,50,20,256,30,50,0,lecun_uniform,<class 'keras.optimizers.Adam'>,0.001,<class 'keras.layers.advanced_activations.PReLU'>
50,2.386531343,0.802963094,0.025353861,0.995284704,100,40,20,32,30,50,0,normal,<class 'keras.optimizers.Adam'>,0.01,<class 'keras.layers.advanced_activations.PReLU'>
50,1.180973787,0.805092264,0.003812794,0.998793392,75,40,15,256,30,50,0,normal,<class 'keras.optimizers.Adam'>,0.001,<class 'keras.layers.advanced_activations.PReLU'>
50,1.201768516,0.791163946,0.004714168,0.998602875,100,60,30,64,30,50,0,he_uniform,<class 'keras.optimizers.Adam'>,0.0001,<class 'keras.layers.advanced_activations.PReLU'>
50,1.54171001,0.816580908,0.005805529,0.998483802,100,60,30,256,30,50,0,he_normal,<class 'keras.optimizers.Adam'>,0.01,<class 'keras.layers.advanced_activations.PReLU'>
50,0.976393336,0.793026969,0.005516562,0.998348853,75,60,20,64,30,50,0,normal,<class 'keras.optimizers.Adam'>,0.0001,<class 'keras.layers.advanced_activations.PReLU'>
50,1.567569726,0.818710078,0.012905358,0.997277194,80,60,20,64,30,50,0,lecun_uniform,<class 'keras.optimizers.Adam'>,0.01,<class 'keras.layers.advanced_activations.PReLU'>
50,1.749334132,0.81307665,0.005096353,0.998571122,80,40,30,256,30,50,0,glorot_normal,<class 'keras.optimizers.Adam'>,0.01,<class 'keras.layers.advanced_activations.PReLU'>
50,0.958540109,0.793692335,0.010440704,0.997142245,80,50,15,256,30,50,0,lecun_normal,<class 'keras.optimizers.Adam'>,0.0001,<class 'keras.layers.advanced_activations.PReLU'>
50,1.030559333,0.796531228,0.00616739,0.998229779,80,40,20,64,30,50,0,normal,<class 'keras.optimizers.Adam'>,0.0001,<class 'keras.layers.advanced_activations.PReLU'>
50,1.643057671,0.811124911,0.003309812,0.998944218,100,60,30,32,30,50,0,he_normal,<class 'keras.optimizers.Adam'>,0.001,<class 'keras.layers.advanced_activations.PReLU'>
50,2.025924895,0.823411994,0.005169763,0.998499679,80,50,30,256,30,50,0,he_normal,<class 'keras.optimizers.Adam'>,0.01,<class 'keras.layers.advanced_activations.PReLU'>
50,2.390010914,0.79919269,0.023199073,0.995586356,75,60,30,32,30,50,0,lecun_uniform,<class 'keras.optimizers.Adam'>,0.01,<class 'keras.layers.advanced_activations.PReLU'>
50,10.78591463,0.33081973,10.22099331,0.364578124,100,40,15,256,30,50,0,lecun_uniform,<class 'keras.optimizers.Adam'>,0.1,<class 'keras.layers.advanced_activations.PReLU'>
50,9.17510287,0.43075763,7.500147289,0.534582807,100,50,15,64,30,50,0,glorot_uniform,<class 'keras.optimizers.Adam'>,0.1,<class 'keras.layers.advanced_activations.PReLU'>
50,1.538590068,0.806866572,0.003362792,0.998880713,100,60,30,64,30,50,0,normal,<class 'keras.optimizers.Adam'>,0.001,<class 'keras.layers.advanced_activations.PReLU'>
50,1.721847396,0.81693577,0.005675434,0.998571122,75,50,15,256,30,50,0,lecun_normal,<class 'keras.optimizers.Adam'>,0.01,<class 'keras.layers.advanced_activations.PReLU'>
50,0.848525863,0.790055004,0.005792772,0.998261532,75,50,15,64,30,50,0,lecun_normal,<class 'keras.optimizers.Adam'>,0.0001,<class 'keras.layers.advanced_activations.PReLU'>
50,1.155054525,0.779941448,0.008846354,0.99725338,100,60,20,256,30,50,0,glorot_normal,<class 'keras.optimizers.Adam'>,0.0001,<class 'keras.layers.advanced_activations.PReLU'>
50,1.721546637,0.810459546,0.006107021,0.99853937,100,40,20,256,30,50,0,normal,<class 'keras.optimizers.Adam'>,0.01,<class 'keras.layers.advanced_activations.PReLU'>
50,9.17510287,0.43075763,5.665250145,0.648138887,75,50,15,64,30,50,0,lecun_uniform,<class 'keras.optimizers.Adam'>,0.1,<class 'keras.layers.advanced_activations.PReLU'>
50,1.634863264,0.799237048,0.003249556,0.998904527,100,40,20,32,30,50,0,lecun_uniform,<class 'keras.optimizers.Adam'>,0.001,<class 'keras.layers.advanced_activations.PReLU'>
50,1.293568431,0.781183463,0.004222383,0.998785454,100,40,15,32,30,50,0,he_uniform,<class 'keras.optimizers.Adam'>,0.0001,<class 'keras.layers.advanced_activations.PReLU'>
50,1.062366082,0.797240951,0.009619789,0.997213689,100,40,30,256,30,50,0,lecun_normal,<class 'keras.optimizers.Adam'>,0.0001,<class 'keras.layers.advanced_activations.PReLU'>
50,10.78591463,0.33081973,10.2089629,0.365379883,80,60,20,256,30,50,0,lecun_uniform,<class 'keras.optimizers.Adam'>,0.1,<class 'keras.layers.advanced_activations.PReLU'>
50,1.692699117,0.819198013,0.003544964,0.998904527,75,40,30,64,30,50,0,lecun_uniform,<class 'keras.optimizers.Adam'>,0.001,<class 'keras.layers.advanced_activations.PReLU'>
50,10.78591139,0.33081973,9.925058182,0.38378859,100,60,20,64,30,50,0,glorot_normal,<class 'keras.optimizers.Adam'>,0.1,<class 'keras.layers.advanced_activations.PReLU'>
50,1.159002703,0.763573456,0.009633139,0.997261318,75,50,15,256,30,50,0,lecun_normal,<class 'keras.optimizers.Adam'>,0.0001,<class 'keras.layers.advanced_activations.PReLU'>
50,1.168808099,0.784643364,0.00489319,0.998467926,75,60,20,32,30,50,0,lecun_normal,<class 'keras.optimizers.Adam'>,0.0001,<class 'keras.layers.advanced_activations.PReLU'>
50,1.84971119,0.812854862,0.021343675,0.995570479,100,40,30,32,30,50,0,he_normal,<class 'keras.optimizers.Adam'>,0.01,<class 'keras.layers.advanced_activations.PReLU'>
50,10.78591463,0.33081973,10.21406528,0.364578124,80,40,20,256,30,50,0,lecun_normal,<class 'keras.optimizers.Adam'>,0.1,<class 'keras.layers.advanced_activations.PReLU'>
50,2.139168822,0.812366927,0.012098824,0.997467711,80,50,30,64,30,50,0,lecun_normal,<class 'keras.optimizers.Adam'>,0.01,<class 'keras.layers.advanced_activations.PReLU'>
50,1.004638718,0.808995742,0.005873527,0.998221841,75,50,30,64,30,50,0,glorot_uniform,<class 'keras.optimizers.Adam'>,0.0001,<class 'keras.layers.advanced_activations.PReLU'>
50,10.78591463,0.33081973,10.20687125,0.365022664,75,40,30,256,30,50,0,normal,<class 'keras.optimizers.Adam'>,0.1,<class 'keras.layers.advanced_activations.PReLU'>
50,2.008763362,0.82137154,0.00364826,0.998856898,80,50,20,32,30,50,0,normal,<class 'keras.optimizers.Adam'>,0.001,<class 'keras.layers.advanced_activations.PReLU'>
50,9.175105244,0.43075763,7.476245547,0.534582807,75,40,20,256,30,50,0,normal,<class 'keras.optimizers.Adam'>,0.1,<class 'keras.layers.advanced_activations.PReLU'>
50,14.38717816,0.107389993,14.56590067,0.094043962,75,60,15,256,30,50,0,lecun_normal,<class 'keras.optimizers.Adam'>,0.1,<class 'keras.layers.advanced_activations.PReLU'>
50,1.340193092,0.822036906,0.003359977,0.998825145,75,40,30,64,30,50,0,glorot_normal,<class 'keras.optimizers.Adam'>,0.001,<class 'keras.layers.advanced_activations.PReLU'>
50,0.987554689,0.765791341,0.009104345,0.997396267,100,50,30,256,30,50,0,lecun_uniform,<class 'keras.optimizers.Adam'>,0.0001,<class 'keras.layers.advanced_activations.PReLU'>
50,1.129213913,0.793869766,0.004517361,0.99862669,80,40,15,32,30,50,0,he_normal,<class 'keras.optimizers.Adam'>,0.0001,<class 'keras.layers.advanced_activations.PReLU'>
50,1.111692289,0.798128105,0.003404026,0.998920404,100,40,30,256,30,50,0,lecun_normal,<class 'keras.optimizers.Adam'>,0.001,<class 'keras.layers.advanced_activations.PReLU'>
50,2.097316034,0.805979418,0.011312217,0.997840807,100,40,20,64,30,50,0,lecun_uniform,<class 'keras.optimizers.Adam'>,0.01,<class 'keras.layers.advanced_activations.PReLU'>
50,1.92039416,0.810681334,0.005281913,0.998499679,80,40,15,256,30,50,0,he_uniform,<class 'keras.optimizers.Adam'>,0.01,<class 'keras.layers.advanced_activations.PReLU'>
50,1.076151109,0.786107168,0.004617384,0.998650504,80,50,30,32,30,50,0,lecun_uniform,<class 'keras.optimizers.Adam'>,0.0001,<class 'keras.layers.advanced_activations.PReLU'>
50,10.78591463,0.33081973,10.21515215,0.364578124,80,50,30,256,30,50,0,he_normal,<class 'keras.optimizers.Adam'>,0.1,<class 'keras.layers.advanced_activations.PReLU'>
50,1.052276845,0.795732789,0.004784366,0.998618752,75,50,15,32,30,50,0,lecun_uniform,<class 'keras.optimizers.Adam'>,0.0001,<class 'keras.layers.advanced_activations.PReLU'>
50,1.342773195,0.803717175,0.003573218,0.998880713,75,60,30,64,30,50,0,he_uniform,<class 'keras.optimizers.Adam'>,0.001,<class 'keras.layers.advanced_activations.PReLU'>
50,1.128717275,0.78260291,0.010342824,0.997166059,80,40,15,256,30,50,0,he_uniform,<class 'keras.optimizers.Adam'>,0.0001,<class 'keras.layers.advanced_activations.PReLU'>
50,5.183624453,0.678362314,1.825060026,0.884110087,75,40,30,256,30,50,0,he_normal,<class 'keras.optimizers.Adam'>,0.1,<class 'keras.layers.advanced_activations.PReLU'>
50,14.38717816,0.107389993,14.58671878,0.093893136,80,50,30,256,30,50,0,glorot_uniform,<class 'keras.optimizers.Adam'>,0.1,<class 'keras.layers.advanced_activations.PReLU'>
50,10.78591463,0.33081973,10.20657535,0.365737102,75,60,20,256,30,50,0,glorot_uniform,<class 'keras.optimizers.Adam'>,0.1,<class 'keras.layers.advanced_activations.PReLU'>
50,1.569257757,0.830509226,0.012806836,0.997451835,75,60,30,64,30,50,0,he_normal,<class 'keras.optimizers.Adam'>,0.01,<class 'keras.layers.advanced_activations.PReLU'>
50,1.158563752,0.781538325,0.003696956,0.998880713,80,50,15,256,30,50,0,he_normal,<class 'keras.optimizers.Adam'>,0.001,<class 'keras.layers.advanced_activations.PReLU'>
50,1.524933567,0.788812988,0.003706043,0.998833083,75,60,20,64,30,50,0,normal,<class 'keras.optimizers.Adam'>,0.001,<class 'keras.layers.advanced_activations.PReLU'>
50,9.17510287,0.43075763,7.495311929,0.534582807,75,50,20,64,30,50,0,lecun_normal,<class 'keras.optimizers.Adam'>,0.1,<class 'keras.layers.advanced_activations.PReLU'>
50,1.989660489,0.811967708,0.011423419,0.997491526,80,50,15,64,30,50,0,lecun_normal,<class 'keras.optimizers.Adam'>,0.01,<class 'keras.layers.advanced_activations.PReLU'>
50,1.025739954,0.793426189,0.004962835,0.998499679,75,50,15,32,30,50,0,glorot_normal,<class 'keras.optimizers.Adam'>,0.0001,<class 'keras.layers.advanced_activations.PReLU'>
50,1.254643736,0.797861959,0.005885553,0.998420296,75,60,15,64,30,50,0,glorot_normal,<class 'keras.optimizers.Adam'>,0.0001,<class 'keras.layers.advanced_activations.PReLU'>
50,8.179876298,0.492503549,6.886310907,0.572463941,100,40,15,32,30,50,0,normal,<class 'keras.optimizers.Adam'>,0.1,<class 'keras.layers.advanced_activations.PReLU'>
50,1.827897869,0.817379347,0.005995166,0.998571122,100,60,15,256,30,50,0,normal,<class 'keras.optimizers.Adam'>,0.01,<class 'keras.layers.advanced_activations.PReLU'>
50,9.17510287,0.43075763,7.498041059,0.534582807,75,60,15,64,30,50,0,normal,<class 'keras.optimizers.Adam'>,0.1,<class 'keras.layers.advanced_activations.PReLU'>
50,10.78591463,0.33081973,10.21416941,0.364578124,75,40,30,256,30,50,0,he_uniform,<class 'keras.optimizers.Adam'>,0.1,<class 'keras.layers.advanced_activations.PReLU'>
50,5.339867176,0.668692335,1.426763823,0.908115231,75,40,15,256,30,50,0,lecun_normal,<class 'keras.optimizers.Adam'>,0.1,<class 'keras.layers.advanced_activations.PReLU'>
50,1.624382976,0.783135202,0.003422553,0.998872774,100,50,20,64,30,50,0,glorot_normal,<class 'keras.optimizers.Adam'>,0.001,<class 'keras.layers.advanced_activations.PReLU'>
50,1.647162948,0.811568488,0.003549322,0.998809269,75,40,15,64,30,50,0,he_normal,<class 'keras.optimizers.Adam'>,0.001,<class 'keras.layers.advanced_activations.PReLU'>
50,1.469729473,0.804914833,0.003251965,0.99884896,75,50,20,32,30,50,0,lecun_normal,<class 'keras.optimizers.Adam'>,0.001,<class 'keras.layers.advanced_activations.PReLU'>
50,1.864158839,0.812987935,0.020656908,0.995768935,75,50,15,32,30,50,0,glorot_normal,<class 'keras.optimizers.Adam'>,0.01,<class 'keras.layers.advanced_activations.PReLU'>
50,1.553560274,0.80593506,0.003566828,0.99884896,75,40,15,32,30,50,0,he_uniform,<class 'keras.optimizers.Adam'>,0.001,<class 'keras.layers.advanced_activations.PReLU'>
50,15.58401882,0.033135202,7.821514755,0.514515015,75,50,20,64,30,50,0,normal,<class 'keras.optimizers.Adam'>,0.1,<class 'keras.layers.advanced_activations.PReLU'>
50,14.38717311,0.107389993,14.61599507,0.092829416,75,40,30,32,30,50,0,normal,<class 'keras.optimizers.Adam'>,0.1,<class 'keras.layers.advanced_activations.PReLU'>
50,1.712719597,0.819198013,0.003707415,0.99880133,75,40,20,64,30,50,0,normal,<class 'keras.optimizers.Adam'>,0.001,<class 'keras.layers.advanced_activations.PReLU'>
50,1.619557091,0.798793471,0.003611148,0.998856898,80,40,15,32,30,50,0,normal,<class 'keras.optimizers.Adam'>,0.001,<class 'keras.layers.advanced_activations.PReLU'>
50,1.067842657,0.795422285,0.003769104,0.99884896,75,40,20,256,30,50,0,lecun_normal,<class 'keras.optimizers.Adam'>,0.001,<class 'keras.layers.advanced_activations.PReLU'>
50,1.430068987,0.775195174,0.003340472,0.998983909,80,50,20,256,30,50,0,lecun_normal,<class 'keras.optimizers.Adam'>,0.001,<class 'keras.layers.advanced_activations.PReLU'>
50,2.035562867,0.805624556,0.003556476,0.998864836,100,40,20,32,30,50,0,normal,<class 'keras.optimizers.Adam'>,0.001,<class 'keras.layers.advanced_activations.PReLU'>
50,10.78591463,0.33081973,10.20325439,0.365498956,100,50,15,256,30,50,0,he_uniform,<class 'keras.optimizers.Adam'>,0.1,<class 'keras.layers.advanced_activations.PReLU'>
50,1.023785787,0.793115685,0.008503124,0.997713796,100,60,30,256,30,50,0,lecun_normal,<class 'keras.optimizers.Adam'>,0.0001,<class 'keras.layers.advanced_activations.PReLU'>
50,1.621163685,0.785353087,0.00352156,0.998825145,80,40,30,64,30,50,0,normal,<class 'keras.optimizers.Adam'>,0.001,<class 'keras.layers.advanced_activations.PReLU'>
50,1.902045811,0.802031583,0.02214902,0.995673676,80,50,20,32,30,50,0,he_uniform,<class 'keras.optimizers.Adam'>,0.01,<class 'keras.layers.advanced_activations.PReLU'>
50,1.960985419,0.816580908,0.015502197,0.997173998,80,60,30,64,30,50,0,he_normal,<class 'keras.optimizers.Adam'>,0.01,<class 'keras.layers.advanced_activations.PReLU'>
50,9.170098151,0.431068133,7.370108263,0.542449573,80,40,30,32,30,50,0,glorot_normal,<class 'keras.optimizers.Adam'>,0.1,<class 'keras.layers.advanced_activations.PReLU'>
50,9.17510288,0.43075763,5.217991529,0.676025815,75,60,30,32,30,50,0,glorot_uniform,<class 'keras.optimizers.Adam'>,0.1,<class 'keras.layers.advanced_activations.PReLU'>
